,排  名,代號,名稱,成交,財報  季度,市值  (億),現金  (億),應收  帳款  (億),存貨  (億),速動  資產  (億),流動  資產  (億),投資  (億),固定  資產  (億),無形  資產  (億),其他  資產  (億),資產  總額  (億),流動  負債  (億),長期  負債  (億),其他  負債  (億),負債  總額  (億),股東  權益  (億),每股  淨值  (元),財報  評分
0,1,3008,大立光,2230,22Q4,2976,1102,86.8,51.9,1233,1292,18.1,378,1.49,155,1850,294,,0.65,299,1551,1162.14,87
1,2,2327,國巨,500,22Q4,2106,394,245,269,818,1117,268,599,722,17.9,2772,949,463,84.7,1556,1215,290.8,64
2,3,2357,華碩,266,22Q4,1976,693,926,1425,1675,3222,1040,195,20.6,31.3,4712,2227,1.45,22,2443,2269,285.93,34
3,4,2454,聯發科,770,22Q4,12317,1475,567,707,2215,2977,1256,539,735,374,6084,1416,0,38.8,1653,4431,276.51,77
4,5,2603,長榮,162,22Q4,3429,3919,280,77.1,4711,4839,540,2111,13.4,311,8875,1649,532,52.4,3050,5826,260.92,94
5,6,6510,精測,580,22Q4,190,30.2,7.74,4.4,38,44.1,,44.9,0.62,0.07,90.4,10.5,,0.02,10.8,79.6,240.44,70
6,7,2474,可成,187,22Q4,1336,575,104,33.9,1852,1890,337,143,0.23,1.03,2416,692,,0.17,758,1658,232.05,66
7,8,4966,譜瑞-KY,1065,22Q4,865,69.8,10.7,44.7,80.4,131,,4.96,31.6,47.6,221,42.6,,,43.4,177,224.82,75
8,9,6669,緯穎,963,22Q4,1684,262,211,360,473,841,1.99,21.6,1.38,6.58,888,386,94.4,9.6,501,388,221.84,49
9,10,5269,祥碩,1260,22Q4,874,23.6,8.51,11.6,38.2,57.7,112,4.98,1.35,0.26,178,24.4,,0.01,24.8,153,220.74,74
10,11,3533,嘉澤,888,22Q3,943,57.6,112,35.3,170,208,1.66,87.5,1.9,6.79,318,78,7.9,0.24,90.9,227,198.08,74
11,12,8299,群聯,356.5,22Q4,709,170,75.7,204,254,459,44.4,76,3.75,6.6,600,176,35.8,10.4,224,376,196.19,51
12,13,1590,亞德客-KY,1145,22Q4,2290,63.5,90.7,72.5,157,233,0.25,288,0.41,10.8,546,149,0,,157,389,194.63,70
13,14,6121,新普,295.5,22Q3,547,185,156,224,421,652,6.94,83.6,1.15,36.8,787,359,,0.11,391,396,184.43,55
14,15,3661,世芯-KY,1245,22Q3,887,65.6,17.7,68.6,101,178,3.62,9.05,1.14,1.52,196,67.4,,0.23,68.5,127,177.71,62
15,16,3592,瑞鼎,410.5,22Q4,311,84.2,29,37.1,117,190,5.28,3.38,3.43,11,216,72,3.64,9.22,86.4,129,170.55,68
16,17,3406,玉晶光,392,22Q3,442,19,66.9,28.1,87.4,122,5.18,178,0.64,41.3,361,79.8,48.2,16,170,191,169.44,53
17,18,2059,川湖,369,22Q4,352,116,18.7,9.2,146,155,,29.6,0.02,1.07,192,19.7,8.95,0.36,36,156,164.1,93
19,19,6271,同欣電,196.5,22Q4,316,75,22.3,17.9,100,120,27.4,107,84.5,0.32,343,40.1,52,2.66,97.4,245,152.5,77
20,20,2247,汎德永業,239,22Q3,193,66.4,9.94,27,76.4,117,1.14,50.5,0.04,1.42,202,51.9,,0.89,83.6,118,146.43,55
21,21,6781,AES-KY,804,22Q3,687,34.4,25.8,53.5,103,160,0.22,12,0.59,28.7,204,78.3,,0,82,122,142.86,64
22,22,6763,綠界科技,469,22Q4,84,8.32,8.33,,37.5,56.7,3.11,0.13,0.02,1.38,61.4,35.8,,0.65,36.4,25,139.68,64
23,23,3665,貿聯-KY,273,22Q3,417,65.7,118,129,187,323,10.7,89.2,66.5,10,527,138,143,10,317,210,134.06,47
24,24,6414,樺漢,237,22Q3,251,140,201,245,450,759,27.1,66.2,201,15.5,1120,565,152,10.4,766,354,128.12,40
25,25,6488,環球晶,506,22Q4,2202,805,102,85.4,907,1096,104,395,23.7,44.6,1695,358,713,35.3,1152,543,124.81,77
26,26,4766,南寶,137,22Q3,165,35.2,52.9,28.4,94.8,131,50.1,53.7,3.68,1.47,253,63.5,14.2,0.45,92.9,160,123.59,49
27,27,4583,台灣精銳,211,22Q4,169,24.5,3.99,14.6,28.5,64.1,,37.1,2.24,0.41,110,6.13,0,0.06,12,97.9,122.06,86
28,28,1565,精華,261.5,22Q3,132,18.9,7.39,12.5,26.3,39.4,0.15,36.7,0.02,1.25,79.1,13.6,4.18,,18.4,60.7,120.37,70
29,29,2330,台積電,512,22Q4,132774,13428,2314,2211,17929,20529,689,26938,260,120,49648,9442,8391,1902,20043,29605,113.6,89
30,30,6719,力智,322.5,22Q4,252,33.3,4.82,18,65.7,84.2,1.09,4.7,0.42,9.55,100,11.9,0,0.04,12.4,88.1,111.89,74
31,31,3413,京鼎,195.5,22Q4,189,85.4,9.88,38.1,108,148,5.38,35.4,,5,197,67,15.1,3.45,88.6,108,111.6,62
32,32,3131,弘塑,324.5,22Q3,94.8,17.1,5.78,19.2,26.5,47.4,2.37,11.3,4.32,0.17,66.9,30.4,3.09,0.17,34.9,32,110.92,66
33,33,3611,鼎翰,235.5,22Q3,100,8.09,13.6,17.5,21.7,40.2,12.3,10.7,13.1,0.61,83.2,27.8,2.8,0.88,36.4,46.7,109.93,55
34,34,5274,信驊,2785,22Q3,1053,25,9.4,3.71,39.6,43.7,0.77,2.16,5.61,0.3,53.5,11.5,,,12.3,41.2,108.86,91
35,35,1315,達新,70.9,22Q3,70.3,19.2,4.92,7.37,62.7,78.5,14.3,18.3,,0.38,113,6.72,,0.18,9.13,104,108.59,68
36,36,3034,聯詠,430,22Q4,2617,492,160,120,652,799,29.9,70.5,24.3,69.4,1005,244,,101,350,656,107.76,77
38,37,1256,鮮活果汁-KY,344,22Q3,116,13,5.12,5.14,18.6,24.9,1.34,18.9,0.36,1.7,48.9,7.49,,0.32,8.13,40.8,107.54,66
39,38,6515,穎崴,651,22Q4,225,15,16.1,7.7,31.5,39.6,,13.7,0.33,1.64,57,19.5,,0.06,20,37,107,73
40,39,2317,鴻海,102.5,22Q4,14210,10623,11564,9390,22411,32005,4358,3624,467,274,41340,21138,3010,116,24834,16505,104.65,36
41,40,4958,臻鼎-KY,107.5,22Q4,1018,552,305,177,877,1103,73.8,1003,21.4,15.4,2326,742,130,85.2,997,1329,102.54,60
42,41,6456,GIS-KY,82.1,22Q4,277,178,374,149,555,707,4.21,179,0.31,1.88,911,435,123,8.1,573,338,99.31,40
43,42,6533,晶心科,561,22Q4,284,41,1.28,0.02,43.5,44.2,,0.75,6.14,2.06,54.2,3.21,,,4.35,49.9,98.5,77
44,43,2049,上銀,253,22Q4,895,74.6,33.6,89.4,108,203,11.8,277,2.56,14.6,521,94.1,63.1,2.26,172,350,98.23,62
45,44,2609,陽明,65.8,22Q4,2298,1494,114,45,3312,3386,189,758,1.33,6.24,5081,759,455,33.4,1644,3438,98.21,94
46,45,4736,泰博,190,22Q3,181,37.2,16.6,17.4,58.5,77.3,18.2,26.7,0.07,1.6,127,26.7,3.8,0.19,31.9,94.8,96.96,87
47,46,6409,旭隼,1680,22Q4,1474,53.5,31.7,20.2,85.3,108,,44.7,0.25,1.72,160,66.3,8.32,0.02,77,83.4,95.07,68
48,47,3673,TPK-KY,34.75,22Q3,141,264,186,106,597,707,9.74,182,1.13,7.32,960,350,164,4.02,573,387,94.33,43
49,48,4961,天鈺,174.5,22Q4,326,67.6,27.4,25.1,191,218,,10.5,0.84,24.1,255,40.7,,1.66,43.1,211,93.43,68
50,49,8016,矽創,233,22Q3,280,56.7,17.7,56,100,158,22.4,18.1,0.58,10.5,211,62.2,,4.2,68.2,143,92.43,79
51,50,2239,英利-KY,69.7,22Q3,82.3,30.7,58.2,65.2,90.3,181,13.5,107,11.1,14.7,342,148,32.8,1.99,190,152,92.39,32
52,51,6491,晶碩,409.5,22Q4,287,18.5,7.51,5.69,32.6,39.7,,50.4,0.22,1.56,95.6,24.4,3.65,0.01,30.8,64.9,91.82,75
53,52,1476,儒鴻,455.5,22Q4,1250,60.2,39.7,46.3,99.9,184,0,136,0.19,12.5,334,75.8,5.63,0.07,82.2,251,91.64,70
54,53,6732,昇佳電子,382,22Q4,187,15.1,4.04,9.99,31.6,41.9,8.74,5.55,0.59,0.04,56.9,10.7,,1.49,12.2,44.7,91.38,70
55,54,2492,華新科,94.1,22Q4,457,175,99.9,78.8,336,421,180,284,6.84,10,917,192,166,5.13,381,536,91.34,47
57,55,2379,瑞昱,391.5,22Q4,2008,138,125,256,694,955,42.9,75.6,24.1,22.8,1137,625,17.1,1.06,669,468,91.16,64
58,56,6605,帝寶,91.4,22Q3,152,59.4,30.5,58.3,92.5,154,3.61,142,0.51,32,352,69.3,119,3.6,196,156,91.01,55
59,57,4905,台聯電,51.2,22Q3,15,9.3,0.12,0.47,15.9,16.4,9.07,0.91,,0.4,26.8,0.24,,0.01,0.33,26.5,90.59,47
60,58,6679,鈺太,313,22Q4,172,3.27,5.64,9.71,31.4,43.1,6.49,0.44,0.07,0.73,51,2.46,,,2.57,48.4,90.24,68
61,59,3691,碩禾,118,22Q3,108,27.6,16.5,9.63,44.1,59.3,10.4,44,4.06,7.02,129,23.8,14,0.7,41,88.3,86.65,40
62,60,4770,上品,318.5,22Q4,250,33.7,17.4,20.4,51,76.7,0.05,17.1,0.07,0.28,95.3,23.3,3.71,0.03,28,67.3,85.16,79
63,61,2375,凱美,76.5,22Q3,83.1,8.13,22.7,17.2,111,131,31.7,25.5,0.31,0.99,194,92.2,5.62,0.27,102,91.6,84.26,40
64,62,3558,神準,333.5,22Q4,164,44.2,31.7,31,76,107,,25.8,0.09,0.41,138,91,0.14,0.04,94,44.4,84.19,48
65,63,3376,新日興,85.3,22Q3,160,33.5,56.5,17.7,113,132,28.8,58,,0.92,222,49.6,7.94,0.19,64.2,158,84.18,60
66,64,6803,崑鼎,270.5,22Q4,191,16.1,8.39,1.01,48.7,51.3,7.89,43,9.55,18,133,29.3,27,8.69,68.6,64.3,83.84,57
67,65,1558,伸興,112,22Q3,74.5,28.6,25.8,17.8,57.9,77.4,1.04,36.1,9.58,3.94,132,43.2,5.94,0.91,54.1,77.7,83.58,53
68,66,8046,南電,262.5,22Q4,1696,200,151,58,352,413,5.14,373,,0.12,818,137,76.3,20.3,280,537,83.14,91
69,67,5871,中租-KY,231,22Q4,3657,676,5005,0,5923,6119,95.6,655,1.99,1783,8772,4833,2282,81.9,7270,1502,81.55,62
70,68,5289,宜鼎,259,22Q4,224,40,14.3,11.6,54.3,66.5,1.71,21.4,0.44,0.06,93,16.9,3.1,0.02,21.8,71.2,81.02,72
71,69,4439,冠星-KY,111.5,22Q3,42.8,7.09,16.2,10.5,23.3,34.4,,9.6,0,1.39,48.5,17.2,0,0,18.1,30.4,80.76,43
72,70,6415,矽力*-KY,513,22Q4,1956,149,17,51.1,191,245,52.8,18.6,21.7,6.41,353,24.2,0,12.9,37.8,315,80.69,85
73,71,4536,拓凱,205.5,22Q3,187,61.2,28.3,25.9,111,139,,28.3,0,0.87,175,83.9,0.89,4.41,97.1,77.7,80.68,68
74,72,9921,巨大,173.5,22Q3,680,132,180,375,313,702,24.2,123,4.97,10.6,906,475,61.5,13.4,579,327,80.43,47
76,73,2615,萬海,69.6,22Q4,1953,1718,61.3,50.3,1863,1949,101,1149,0.4,269,3651,484,511,17.2,1391,2260,80.4,91
77,74,3044,健鼎,106,22Q4,557,152,184,112,337,462,23.5,225,0.57,11.3,765,303,,1.03,344,422,80.22,51
78,75,6670,復盛應用,232.5,22Q3,305,36.4,53.8,48,96.5,147,0.12,50.3,6.9,6.21,216,80.6,14.5,2.03,101,115,79.35,62
79,76,3105,穩懋,171,22Q4,725,104,9.17,54.2,114,172,154,315,5.62,22.5,691,62.5,265,2.11,339,352,78.62,51
80,77,1338,廣華-KY,45.35,22Q3,38,23.4,25.4,12.1,48.8,64.6,4.37,38.7,,1.7,117,31.6,14.4,0.09,48.5,68.5,78.25,47
81,78,6269,台郡,95.4,22Q4,308,127,61.5,48.4,215,267,0.92,174,0.26,6.38,461,165,26.4,0.27,212,249,77.28,51
82,79,1589,永冠-KY,72.9,22Q3,80.6,22.2,35.3,18.9,61.1,93.9,1.06,93.3,1.4,19.6,216,83.2,44.3,,129,86.4,77.02,30
83,80,4438,廣越,113.5,22Q4,117,37.7,18.7,42.4,68.3,113,7.79,31,3.84,1.37,165,42.1,18.8,0.02,67.1,97.7,76.79,49
84,81,2207,和泰車,593,22Q4,3239,156,2398,133,2608,2894,313,606,1.85,174,4066,3016,124,82.5,3370,696,76.47,23
85,82,8081,致新,179,22Q4,154,29.1,13.9,24.8,43,68.2,4.56,11.8,4.09,0.55,91.3,17.2,,0.67,18.9,72.4,76.14,77
86,83,3189,景碩,116,22Q4,525,167,56.6,34.8,236,281,4.32,316,0.48,120,726,154,132,49.6,338,388,75.8,68
87,84,6683,雍智科技,201.5,22Q4,54.9,11.8,2.15,5.4,14,19.5,,4.59,0.09,0.18,24.6,3.88,,,3.96,20.6,75.71,82
88,85,3293,鈊象,552,22Q4,778,85.3,16.5,1.11,123,125,4.48,10.8,0.57,0.09,142,34.2,,0.92,35.2,107,75.66,91
89,86,3548,兆利,64.6,22Q3,38.8,19.4,26,7.98,49.7,58.7,0.84,24.7,0.19,1.21,88.5,33.6,6.93,0.49,43.1,45.3,75.43,53
90,87,1264,德麥,268.5,22Q3,99.5,7.85,9.19,7.51,19.3,28.3,5.59,10.2,0.05,0.69,46.9,11.2,,0.12,12.1,34.7,75.29,68
91,88,2915,潤泰全,55.6,22Q4,614,95.5,2.89,5.34,98.4,104,891,14.1,0.01,0.7,1021,61.7,114,7.44,198,823,74.55,62
92,89,3679,新至陞,93.3,22Q4,58.8,38.7,11.8,4.52,50.9,55.7,16.6,14.8,,0.91,89,21.7,13,,42.5,46.5,73.7,57
93,90,8279,生展,163.5,22Q4,44.3,2.46,4.72,3.69,7.18,11.1,3.14,13.6,0.23,0.62,30.7,7.19,1.82,,10.8,19.9,73.49,57
95,91,8464,億豐,319,22Q4,935,93.7,25.5,57.2,119,192,0.1,85.9,3.26,8.19,306,65.8,,0.34,87.7,218,73.32,83
96,92,2354,鴻準,53,22Q4,750,780,244,49.8,1027,1082,342,42.3,20.3,1.49,1511,468,,1.91,479,1032,73.08,47
97,93,6223,旺矽,119.5,22Q4,113,23.8,11.4,27.5,35.2,64.1,1.95,34.3,2.88,2.52,109,27.9,10.4,0.28,40.1,68.9,73.07,64
98,94,6176,瑞儀,106.5,22Q4,495,368,153,35.9,521,611,2.92,25.5,0.28,7.58,657,274,,1.05,318,340,73.02,60
99,95,3714,富采,48.8,22Q4,368,161,101,48.3,271,327,90.2,220,49.1,7.96,730,103,36.9,4.81,164,567,72.38,40
100,96,6768,志強-KY,69.7,22Q4,137,55.7,34.1,18.2,89.7,138,0,46.8,0.36,1.41,200,42.4,8.62,0,59,141,72.16,62
101,97,6691,洋基工程,302.5,22Q3,205,33.3,20.5,4.49,96.5,105,,3.59,0.07,0.81,111,59.5,0.78,0,62,48.9,71.98,61
102,98,2308,台達電,287.5,22Q4,7468,615,897,798,1574,2405,46.2,863,772,36,4259,1250,443,95.1,2005,2254,71.91,51
103,99,2362,藍天,30,22Q4,190,70.5,25.7,37.8,118,171,665,40.3,0.58,16.4,942,161,226,12.2,524,418,71.41,38
104,100,5434,崇越,186,22Q4,338,43,71.6,52.9,133,206,42.4,36.4,4.68,3.43,299,141,13.2,1.31,166,133,71.32,47
105,101,3015,全漢,45.45,22Q4,85.1,37,40.4,30.6,82.9,114,64.1,14.9,2.25,0.53,202,59.8,1.24,0.12,64.9,137,71.15,45
106,102,3711,日月光投控,109.5,22Q4,4774,580,1309,928,2015,3004,402,2682,728,80.3,7071,2223,1378,119,3871,3199,70.15,51
107,103,8499,鼎炫-KY,107.5,22Q3,55.7,30.9,7.74,3.32,40.9,44.6,5.86,7.1,0.09,0.18,59,16.3,0.75,0.01,19.7,39.4,70.09,83
108,104,6239,力成,89.7,22Q4,681,204,147,108,379,498,4.47,648,11.3,11.1,1190,196,304,10.3,526,663,69.97,62
109,105,2548,華固,90.6,22Q4,251,17,1.56,342,20,381,5.23,2.07,,26.7,416,188,32.9,0.74,222,194,69.66,47
110,106,9914,美利達,163,22Q3,487,44.3,38,101,90.8,195,203,24.6,0.77,0.38,430,154,10.2,1.86,214,216,69.42,51
111,107,3010,華立,87.9,22Q3,207,45,190,61.9,241,349,66.5,62.9,3.93,3.06,495,210,75.5,2.93,308,187,69.27,36
112,108,4551,智伸科,144.5,22Q3,166,22.9,32.5,19.6,59.5,82.7,,47,0.11,3.07,136,50.4,,0.06,56.4,79.6,69.08,55
114,109,4938,和碩,68.4,22Q4,1824,846,1916,1994,2852,5025,315,797,2.25,134,6362,3654,472,55.8,4217,2146,68.43,34
115,110,3708,上緯投控,103.5,22Q4,96.8,25.3,49.3,8.99,74.6,86.3,17,34.7,0.54,0.81,143,41.9,20.1,0.46,63.3,79.5,68.35,47
116,111,2428,興勤,140,22Q3,179,32.8,23.3,19.1,66.7,91.7,5.6,30.4,0.44,2.87,136,21.9,10.4,0.41,47.5,88.8,68.32,68
117,112,5534,長虹,75.8,22Q4,220,13.5,2.36,424,18.4,461,0.62,0.81,,2.53,465,266,0,0.5,266,199,67.93,62
118,113,6531,愛普*,324.5,22Q4,525,81.8,6.7,15.3,88.6,104,3.78,0.81,0.22,6.54,117,6.72,,0.14,7.41,110,67.77,89
119,114,5288,豐祥-KY,173,22Q4,114,14,14.7,11,33.9,46.9,5.68,21.3,0.04,0.04,77.1,27.6,4.65,0.13,32.6,44.5,67.19,60
120,115,3515,華擎,139,22Q4,170,35.9,16.3,80.1,55.6,140,0.02,4.62,0.07,0.39,148,58.1,,0.18,58.7,88.9,67.15,51
121,116,6278,台表科,92.5,22Q4,270,113,185,44.3,347,396,1.64,128,,10.5,552,296,28.6,0.97,355,196,67.09,47
122,117,8436,大江,195.5,22Q3,231,42.5,12.1,11.3,62.7,77.9,6.18,47.8,7.5,7.52,149,43.9,4.88,0.12,51.3,98.1,66.72,60
123,118,2729,瓦城,246,22Q3,77,6.74,3.37,1.26,12,14.8,0.12,18.7,0.18,0.98,48,17.4,0,0.1,27.9,20.1,66.53,51
124,119,9802,鈺齊-KY,129.5,22Q4,241,22,46.6,49.9,68.6,121,0.06,87.5,0.16,1.12,229,90.9,0,2.1,103,126,66.43,57
125,120,2383,台光電,170.5,22Q4,568,104,117,42.4,222,266,,147,7.45,5.77,434,158,42.4,4.75,213,221,66.31,59
126,121,3563,牧德,185.5,22Q4,83,18.6,10.3,3.31,28.9,32.3,0.16,2.45,,1.84,39.6,6.91,0,0.1,9.44,30.2,65.16,79
127,122,5536,聖暉*,132,22Q4,155,64.1,84.2,12.5,226,251,7.68,6.9,0.92,0.4,271,145,7.57,0.6,163,108,64.67,53
128,123,3324,雙鴻,168.5,22Q4,149,14.8,45.7,20.7,60.6,84.2,1.28,27.2,1.73,0.82,117,56.2,2.55,,59.3,58.1,64.65,47
129,124,1707,葡萄王,173,22Q4,256,46.7,2.84,6.88,50.7,58,15,73.6,0.44,1.47,151,37.1,0,0.09,39.1,111,64.6,79
130,125,2227,裕日車,193.5,22Q4,580,26.1,5.04,,54.6,55.4,165,12.3,0.54,4.33,245,22.9,,0.31,52.9,192,64.07,48
131,126,3532,台勝科,166,22Q4,644,108,31,35.1,139,176,0,155,0.07,25.7,360,52.2,49.9,9.29,112,248,64.03,83
133,127,4935,茂林-KY,57.8,22Q4,74.5,46.9,18.9,12.4,65.9,78.5,2.79,29.8,,0.36,118,26.7,1.88,0.67,35.9,82.5,64.03,55
134,128,2204,中華,58.5,22Q3,324,83.6,29.4,36.1,118,172,243,62,4.34,33.3,521,68.9,0.69,49.8,129,392,64.01,38
135,129,3357,臺慶科,112.5,22Q4,115,15.3,18.1,9.44,33.4,43.2,3.81,44,0.43,0.32,92.5,13.7,10.9,0.13,27.3,65.2,63.95,68
136,130,2636,台驊投控,79.7,22Q4,114,95.7,23.9,,139,156,1.68,8.45,5.51,1.51,177,80.9,3.38,0.74,86.9,90.1,63.69,57
137,131,1477,聚陽,222.5,22Q4,538,27.6,12,52.4,41.2,180,2.89,52.3,0.29,3.83,244,85.1,0,2.44,89.8,154,63.5,64
138,132,2637,慧洋-KY,67.5,22Q4,504,64,2.33,1.95,70.3,97.5,4.19,763,,21,941,110,273,47.3,470,471,63.09,79
139,133,1525,江申,63.8,22Q3,46.8,6.2,3.86,2.56,10.2,13.6,36.7,5.37,0.03,0.14,55.9,5.89,0.69,0.1,9.69,46.2,63.01,53
140,134,8091,翔名,86.9,22Q3,41.7,10.5,3.96,5.18,15.5,20.9,0.23,18.6,0.14,0.35,40.6,4.53,7.1,0.17,11.8,28.7,62.99,74
141,135,3596,智易,104,22Q4,229,75.8,111,146,187,335,3.98,49.1,0.93,0.95,400,258,,1.09,261,139,62.66,43
142,136,4746,台耀,70.3,22Q4,84.5,12.8,8.27,16,24.6,41.5,22.5,58.8,2.23,1.06,128,31.4,17.2,0.51,49.5,78,62.54,51
143,137,3227,原相,108,22Q4,158,38.6,6.37,9.88,51.7,62.4,25.5,8.06,1.58,12.1,113,16.6,,0.17,21.5,91.3,62.48,64
144,138,3617,碩天,114,22Q3,92.3,16.2,27.7,38.5,44.2,84.7,12.1,17.4,0.89,1.5,121,53.8,14,1.16,70.5,50.6,62.05,51
145,139,3653,健策,407,22Q3,547,24.3,28.4,34.4,55.3,90.4,2.93,46.1,0.12,7.61,150,32.2,20.7,0.53,56.8,93.2,61.91,70
146,140,6464,台數科,89.7,22Q3,118,20.9,2.72,0.45,23.8,26.4,9.54,17.7,133,6.34,195,22.2,81.7,3.81,111,83.6,61.67,66
147,141,6462,神盾,88.4,22Q3,61.2,15.4,6.52,17.7,40.6,59.8,46.8,1.32,6.73,1.48,120,26,13.5,0.03,41.5,78.3,61.54,38
148,142,6192,巨路,75.6,22Q3,72.7,19.8,14.4,27.1,51.4,79.7,2.94,10.3,,2.05,95.4,32.4,,0.9,36.3,59.1,61.45,60
149,143,3026,禾伸堂,98.6,22Q4,156,33.7,30.9,36.3,66.9,104,6.26,48,0.08,1.72,161,39.7,19.1,0.54,60.4,101,61.37,53
150,144,1259,安心,74.4,22Q4,24.1,10.8,1.47,0.78,18.8,19.7,6.64,5.39,0.07,1.4,53.2,17.1,,0.03,33.2,20.1,61.28,49
152,145,6451,訊芯-KY,80.7,22Q3,86.7,81.1,10.8,10.7,97.3,109,3.63,31.1,0.02,0.24,150,60.7,18.7,0.91,83.2,67,61.06,47
153,146,3388,崇越電,73.4,22Q4,54.4,26.6,18,10.8,44.6,56.8,3.69,4.74,,0.21,66.5,12.2,6.32,0,19.9,46.6,61,53
154,147,2723,美食-KY,146.5,22Q3,264,24.8,3.99,10.2,61.8,75.7,8.92,63.9,0.45,8.6,207,62.7,,1.89,98.4,109,60.75,55
155,148,3551,世禾,60.7,22Q4,34.5,10.2,4.57,1.31,15.7,17.3,2.81,25.3,,1.96,47.9,7.89,5.73,0.05,13.9,34,60.54,68
156,149,3527,聚積,117,22Q4,52,10.3,5.38,9.65,15.7,26,0.3,3.42,0.76,0.64,32.1,4.98,,0.05,5.26,26.9,60.42,64
157,150,5306,桂盟,144.5,22Q3,182,31.5,14.7,12.7,50.4,66.3,1.32,36.3,15,0.72,129,32.4,15.8,0.48,53.4,75.9,60.25,81
158,151,3443,創意,1170,22Q4,1568,58.5,30,65.6,106,196,,6.46,5.41,1.53,212,126,,1.96,131,80.6,60.15,59
159,152,8255,朋程,165.5,22Q4,151,7.84,8.51,8,16.9,26.6,28.5,32.1,0.11,10.6,98.7,28.8,11.8,0,40.9,57.8,60.12,47
160,153,6472,保瑞,561,22Q4,430,32.8,63.7,19.5,99.4,122,0.82,66.5,21.5,1.61,228,105,49.7,4.75,176,51.4,60.06,55
161,154,6230,尼得科超眾,130.5,22Q3,113,23.1,37.2,21,60.2,83.5,0.89,25.5,0.32,0.46,114,46.6,7.62,0.45,62.5,51.8,60.02,40
162,155,5904,寶雅,586,22Q4,599,25.9,12.5,49.8,38.4,88.8,,33.4,,4.73,244,73.3,9.13,0.2,183,60.7,59.41,57
163,156,1726,永記,72.1,22Q4,117,15,26.9,25.7,46.7,73.3,3.17,33.2,0.05,0.49,114,16.5,,0.19,18.4,95.7,59.09,51
164,157,3680,家登,349,22Q3,295,19.3,8.65,15.1,30.2,46.3,25.9,32.2,1.69,4.69,112,22.1,36.1,0.36,59.2,52.9,59.04,66
165,158,2612,中航,40.95,22Q4,80.9,39.9,2.95,0.22,46,49.7,13.6,139,0.05,0.63,205,32.9,47.6,0.12,88,117,58.95,60
166,159,5203,訊連,96.5,22Q4,76,17.4,1.26,0.06,20.3,20.6,32.5,4.37,0.02,0.07,58.2,7.07,,0.63,11.7,46.5,58.9,60
167,160,4137,麗豐-KY,207.5,22Q4,165,56.4,0.8,4.86,57.2,62.8,5.03,12.3,0.93,0.42,86,19.2,17.2,0.03,39.4,46.5,58.88,66
168,161,4942,嘉彰,37.75,22Q4,53.7,20.8,26.6,3.97,47.4,75.8,3.7,15,,11.4,108,22.1,0.04,0.01,24.1,83.5,58.64,53
169,162,6643,M31,628,22Q4,199,5.47,3.29,,14.4,16.6,1.19,5.71,0.11,0,23.7,5.05,0,,5.1,18.6,58.62,82
171,163,2408,南亞科,59.2,22Q4,1833,736,66.9,234,803,1055,61.3,849,7.67,0.72,2022,162,,8.94,213,1810,58.41,72
172,164,5371,中光電,65.1,22Q4,255,124,116,104,289,403,40.9,80.9,3.59,4.32,559,259,34.1,0.94,308,251,58.13,43
173,165,3037,欣興,135.5,22Q4,2065,615,305,128,920,1076,122,941,6.44,2.15,2187,549,669,33,1260,927,57.99,74
174,166,1788,杏昌,143.5,22Q3,63.9,2.13,12.7,7.89,15.4,24.4,1.37,10.6,1.82,1.48,45,16.4,0.15,0.19,21.6,23.5,57.94,45
175,167,6579,研揚,92.6,22Q4,138,22.3,11.8,20.9,37.2,59.2,44.5,8.06,0.13,0.2,114,16.6,2.18,0.08,20.4,93.6,57.92,64
176,168,6706,惠特,92,22Q3,67.7,22.1,12.1,16.8,37.4,54.5,1.36,15,0.06,0.28,73.1,20.2,9.15,0.01,30.6,42.5,57.86,68
177,169,8422,可寧衛,186.5,22Q4,203,33.9,5.23,0.56,47.1,49.2,11,59.4,,1.79,126,15.7,37.9,0.08,59.7,66,57.73,79
178,170,5283,禾聯碩,106.5,22Q4,77.7,12.9,10.6,15.4,23.6,40.7,2.85,13.7,0.15,1.12,59.4,16.5,,0.17,17.3,42.1,57.62,64
179,171,5522,遠雄,58.2,22Q4,455,104,4.79,650,113,845,93.8,1.27,2.1,3.99,956,490,4.6,3.79,508,448,57.33,57
180,172,2377,微星,140.5,22Q4,1187,275,193,293,471,786,8.23,55.2,,1.34,869,376,,4.42,385,484,57.29,49
181,173,3211,順達,81.3,22Q4,122,30.6,50.5,24.1,95.3,121,30.8,14.8,0.12,2.04,174,55.5,10.8,7.92,87.9,85.6,57.03,38
182,174,1595,川寶,39.65,22Q3,18.7,14.2,6.45,15,22.9,39.7,0.64,7.49,3.53,0.21,51.7,22.5,2.39,0.01,25,26.7,56.81,53
183,175,2376,技嘉,120,22Q4,763,163,144,218,318,548,24.4,49.5,1.29,1.38,636,270,0,5.95,276,359,56.53,45
184,176,2439,美律,86.3,22Q4,188,69.2,89.8,49.1,167,219,56.9,41.5,11,1.08,334,141,45.1,0.64,204,131,56.35,43
185,177,2395,研華,358,22Q4,2777,120,112,140,266,417,92.9,110,27.9,2.08,664,185,1.22,5.25,221,443,56.32,64
186,178,1301,台塑,90,22Q4,5729,171,278,224,1334,1608,2290,1073,6.07,106,5113,959,337,40.2,1536,3577,56.19,49
187,179,6582,申豐,60.8,22Q4,64.6,2.94,2.07,2.52,25,27.9,11.1,25.2,,0.23,64.8,5.16,,0,5.24,59.6,56.1,55
188,180,6214,精誠,75.9,22Q4,207,43.3,64.6,47.9,143,218,48.5,22.1,3.29,3.69,299,119,31,1.35,153,146,56.07,40
190,181,5478,智冠,91,22Q4,116,55,19.9,0.62,74.9,152,6.11,3.68,5.05,0.89,168,85.4,,1.53,88.2,80,56,62
191,182,2233,宇隆,106.5,22Q3,64.2,11.5,8.36,8.42,22.3,31.4,,15.7,0.08,3.29,51.5,12,3.72,0.01,17.8,33.8,55.78,61
192,183,1326,台化,68,22Q4,3986,330,370,484,1685,2247,1719,1428,0.06,123,5555,1170,592,48.3,1822,3734,55.76,40
193,184,9941,裕融,173.5,22Q4,862,73.2,2290,5.15,2380,2449,1.74,238,3.3,22.4,2737,2323,29.6,4.84,2377,359,55.58,47
194,185,6213,聯茂,75.1,22Q4,273,52.1,124,27.3,176,215,0.8,65.6,0.09,46.8,334,109,16.8,0.38,133,201,55.41,45
195,186,6147,頎邦,70.4,22Q4,520,58.6,46.2,17.7,105,123,150,178,50.7,0.89,510,61.6,27,0,101,409,55.36,77
196,187,3501,維熹,52.4,22Q3,62,15.9,19.5,24.7,36.2,61.6,3.06,20.3,0.05,0.47,86.4,14.5,0.73,0.21,21.2,65.3,55.19,57
197,188,8437,大地-KY,120.5,22Q3,57.7,8.12,3.48,1.22,14.7,16.1,2.06,1.12,0,15.3,35.2,8.05,,0.05,8.76,26.4,55.17,72
198,189,4104,佳醫,80.4,22Q3,119,26.9,47.5,10.3,81.1,93,54.1,7.17,0.32,2.54,162,55.6,,0.2,60.4,102,54.98,51
199,190,2228,劍麟,83,22Q4,62.9,10.6,11.6,10.6,28.9,40.1,,18.3,0.27,1.11,61.1,14.1,0.26,0.44,19.5,41.6,54.95,57
200,191,2250,IKKA-KY,72.4,22Q3,21.2,6.96,8.9,5.65,16.1,22.3,0.81,8,0.04,0.62,33.3,11.9,2.64,2.06,17.4,15.9,54.5,43
201,192,3587,閎康,176,22Q3,110,15.9,11.4,,27.3,30.5,1.27,28,0.05,2.34,64.5,14.7,14.2,0.18,30.8,33.7,54.38,59
202,193,5483,中美晶,152,22Q4,891,832,113,108,949,1161,133,519,71.2,47.7,1966,436,732,37.8,1285,681,54.37,66
203,194,6690,安碁資訊,187.5,22Q4,41.7,5.68,2.81,,10.6,10.7,0.24,3.43,1.09,2.99,21.4,6.41,,0.45,9.26,12.1,54.36,57
204,195,1722,台肥,55.8,22Q4,547,27,23.8,31.8,52.6,98,557,135,1.21,4.02,808,31.7,,170,277,531,54.14,40
205,196,8924,大田,132.5,22Q4,111,29.8,14.4,8.88,44.2,53.5,0.87,6.86,0.41,0.07,63.3,15.4,,0.1,18.1,45.2,53.94,74
206,197,6279,胡連,147,22Q3,146,11.1,24.8,18,36.5,58.1,0.23,38.7,0.18,2.87,101,44.4,,0.41,47.5,53.9,53.92,57
207,198,1503,士電,81.5,22Q4,425,32.2,77.1,88,133,231,185,70.8,,1.37,494,179,0,3.98,207,287,53.83,38
209,199,8213,志超,40.05,22Q3,109,101,78.4,21,179,203,0.28,85.2,3.76,0.54,295,138,1.01,4.19,143,152,53.6,51
210,200,4912,聯德控股-KY,73.3,22Q3,45.6,13.1,25.1,9.97,43.2,54.1,11,13.5,1,1.59,84.3,28.4,15.8,0.13,50.1,34.2,53.56,45
211,201,6789,采鈺,227.5,22Q4,717,119,8.45,0.85,131,133,,119,0.5,0.22,256,36.4,47.6,0.45,87.1,169,53.53,68
212,202,3023,信邦,298,22Q4,701,51.1,92.4,123,146,277,11.4,30.4,0.41,5.45,330,178,9.68,0.68,195,135,53.4,51
213,203,8478,東哥遊艇,386.5,22Q4,344,23.3,7.2,33.9,32.8,72.5,,13.5,0.31,0.09,90.5,21.3,19.9,0.03,43.7,46.8,53.21,75
214,204,3036,文曄,65.9,22Q4,582,53.8,868,905,922,1836,96.9,9.74,33.7,6.11,2002,1248,178,14.3,1452,550,53.12,26
215,205,1795,美時,248.5,22Q4,653,19.8,46.1,33.3,68.6,107,21.6,30.5,130,1.85,295,58.9,86.6,5.78,157,139,52.92,62
216,206,6830,汎銓,128.5,22Q3,60.1,9.96,6.19,,16.3,17,0,17.3,0.06,1.49,37.1,4.66,6.38,0.07,12.3,24.7,52.85,64
217,207,1537,廣隆,141,22Q3,116,14.8,10,21.5,25.9,48.5,1.83,7.82,0.03,0.51,59.3,12.2,,0.29,16.1,43.1,52.56,64
218,208,5215,科嘉-KY,49,22Q3,31.5,8.71,9.96,3.74,22.8,27.2,3,8.61,1.58,0.79,42.6,6.31,,0.03,8.53,34.1,52.56,62
219,209,6261,久元,66.7,22Q3,85.7,28.8,9.37,10.2,40.3,51.9,6.55,24.6,0.27,0.49,86.2,15.3,0,0.16,16.7,69.5,52.39,72
220,210,3022,威強電,75.3,22Q4,133,41.4,11.6,18,56.8,91.8,27.1,13.1,0.2,0.29,134,31.5,,0.57,41.4,92.3,52.28,64
221,211,6592,和潤企業,118,22Q4,608,23.8,2264,0.06,2295,2368,4.04,68.9,,101,2554,2214,2.55,2.24,2225,329,52.18,49
222,212,8938,明安,110,22Q4,152,22.9,51,41.1,74.2,118,0.59,37.9,0.18,2.46,168,68.4,13.6,0.66,90.8,77.4,52.13,55
223,213,5469,瀚宇博,34.4,22Q4,182,220,153,81,387,472,140,117,7.2,2.64,759,262,80.3,3.54,359,400,51.95,49
224,214,9939,宏全,99.2,22Q4,285,52.4,41.4,33.8,96,144,0.43,182,3.77,21,366,135,69.2,1.34,211,155,51.81,51
225,215,2211,長榮鋼,56.2,22Q4,234,15.6,12.6,31,92.8,124,106,33.9,49.6,2.97,318,37.1,31.7,0.58,70.4,248,51.8,62
226,216,6146,耕興,268,22Q4,260,24.2,11.5,0.53,41.1,43.9,0.47,25.2,,0.24,71.7,14.8,,0.16,18.4,53.3,51.53,91
228,217,3152,璟德,207.5,22Q4,143,5.96,2.82,1.86,8.79,14,,27.1,0.03,0.16,41.5,4.93,,0.19,5.93,35.5,51.5,70
229,218,5263,智崴,131,22Q4,83.1,7.22,2.7,3.21,26.9,31,4.37,7.58,1.97,0.84,49.5,9.43,5.3,,17.6,31.9,51.09,47
230,219,6438,迅得,98.2,22Q4,70.1,14.7,12.5,23,33.7,58.5,1.2,16.9,0.15,0.41,79.1,33,7.26,0.02,42.2,36.9,51.05,53
231,220,8044,網家,63.2,22Q4,81,68.5,46.1,19.8,115,151,14.8,11.3,58.1,9.04,266,142,21.9,2.51,182,84.4,50.87,43
232,221,3706,神達,28.35,22Q4,342,78,79.3,92.4,173,270,497,77.7,1.14,0.76,856,157,4.38,2.91,249,607,50.65,47
233,222,1580,新麥,100,22Q3,50.2,5.71,5.18,9.3,12.7,22.2,1.57,11.5,0.07,0.51,37.2,9.87,0.07,0.06,10.6,26.5,50.54,62
234,223,1339,昭輝,45.1,22Q3,33.4,8.93,6.1,3.09,18.8,22.4,0.95,29.1,0.06,1.39,56.4,11.3,6.02,0.16,17.9,38.5,50.51,66
235,224,6591,動力-KY,48.15,22Q4,16.4,9.17,5.31,2.63,14.5,17.4,0,10.9,0.07,0.72,29.4,6.75,3.87,0.37,12.1,17.4,50.5,62
236,225,8114,振樺電,109,22Q3,81.9,20.5,24.8,38.1,55.4,95.1,4.4,34,28.8,0.63,171,42.2,12.4,47.7,107,64.1,50.48,55
237,226,2404,漢唐,236.5,22Q3,451,86.6,28.6,0.68,174,230,25.7,13.8,0.2,0.47,274,171,,2.89,178,96.2,50.45,64
238,227,2360,致茂,165,22Q4,702,59.4,47.6,47.5,125,178,77.5,70.2,3.11,2.62,338,92.8,11.6,2.24,120,219,50.41,72
239,228,5299,杰力,126.5,22Q4,45.4,2.25,2.51,8.99,5.17,22.8,1.06,1.72,0.03,1.55,27.4,9.3,0.01,,9.34,18.1,50.4,68
240,229,8942,森鉅,66.2,22Q3,110,20.2,15.2,12,67.8,80.6,35.4,45.8,0,0.72,163,55,15.7,0.29,72.7,90.5,50.4,70
241,230,2392,正崴,39,22Q4,200,112,191,178,361,611,86.9,209,17.5,30.9,983,364,220,17.6,620,363,50.37,38
242,231,3693,營邦,113,22Q3,43.5,4.66,10.5,25.5,15.2,42.2,,6.7,0.23,0.13,51.5,30.4,,0.22,32.1,19.4,50.37,34
243,232,6747,亨泰光,258.5,22Q3,62.5,5.31,1.66,0.91,7.09,8.22,1.72,3.09,0.04,0.7,14.1,1.42,0.16,0.01,1.88,12.2,50.35,89
244,233,6285,啟碁,87.1,22Q4,345,42.8,217,246,269,524,1.7,105,1.89,0.87,659,396,40.3,1.62,455,204,50.29,34
245,234,2385,群光,91.4,22Q4,687,122,258,188,422,627,68.6,157,0.93,7.22,871,441,,2.37,447,423,49.9,47
247,235,3130,一零四,205,22Q4,68,13.3,0.9,,29.4,29.7,0.05,2.08,0,0.24,33.2,15.9,,0.13,16.6,16.5,49.8,70
248,236,4552,力達-KY,29.95,22Q3,34.7,19.2,10.6,3.3,37.9,41.2,0.51,32.8,,0.01,76.3,13.1,,,18.6,57.6,49.69,60
249,237,2643,捷迅,75.3,22Q3,22.6,8.46,14.1,,24.3,24.8,0.04,1.18,0.01,0.46,26.9,10.6,,0.05,12,14.8,49.44,57
250,238,1777,生泰,81.7,22Q4,36.4,8.45,2.66,3.54,12.3,15.9,0.09,10.1,0,0.99,27.8,5.04,,0,5.8,22,49.32,74
251,239,3552,同致,159.5,22Q3,137,10.2,50.4,20.6,62.2,83.2,2.14,14.3,1.2,1.25,108,52.2,7.4,0.24,65.6,42.1,49.21,40
252,240,2412,中華電,119,22Q4,9231,502,247,113,810,1019,215,2915,792,127,5232,657,398,142,1294,3938,49.14,66
253,241,4580,捷流閥業,91.7,22Q3,39.6,6.38,5.15,9.85,12.5,22.7,,9.8,0.01,0.22,35.4,8.49,2.86,,14.2,21.2,49.11,57
254,242,6782,視陽,262.5,22Q4,165,18,3.39,4.62,21.4,26.5,,17.6,1.47,1.37,52.9,9.56,11.6,0.26,21.9,31.1,48.96,75
255,243,4571,鈞興-KY,73.4,22Q3,39.2,8.72,7.29,7.79,16,24.5,0.01,10.6,0.08,1.17,37.2,10.3,0.28,0.3,11.2,26,48.71,60
256,244,2201,裕隆,75.8,22Q4,758,173,2309,98.8,2533,2708,418,389,7.04,37.1,3604,2536,238,44.6,2879,725,48.5,28
257,245,6504,南六,78.2,22Q4,56.8,15.2,12.5,8.67,30,42.3,1.14,48.8,0.01,5.8,104,42.7,21.9,0.29,69.2,35,48.23,43
258,246,2459,敦吉,56.1,22Q3,59.2,21.4,25.3,6.49,64.5,72.3,14.9,16.7,0.03,0.31,105,42.2,7,0.22,50,55.2,48.22,53
259,247,4572,駐龍,137,22Q4,49,4.53,1.9,3.85,9.92,13.9,0.74,3.45,0.15,0.1,21.4,1.57,,0.6,4.21,17.2,48.15,79
260,248,4999,鑫禾,37,22Q4,27.5,18.5,7.59,3.1,26.1,29.5,1.26,9.58,,0.56,42,5.78,,0.01,6.7,35.3,47.99,57
261,249,6196,帆宣,128,22Q4,250,64.8,63.8,62.7,220,301,7.73,24.4,1.09,0.94,353,239,2,1.43,258,94.8,47.97,51
262,250,4971,IET-KY,53.5,22Q3,19.7,1.67,1.62,1.92,4.88,6.98,,12.2,0,0.15,19.4,1.76,,,1.92,17.5,47.94,73
263,251,6806,森崴能源,85.8,22Q4,185,18.3,2.18,0.01,73.9,133,16.4,12,2.47,16.4,182,60.9,13.4,0.23,76.4,106,47.9,45
264,252,4557,永新-KY,111,22Q4,46.6,11.3,8.63,5.04,19.9,25.1,,7.92,0.06,0.35,34,12.7,0.44,0,13.4,20.6,47.68,64
266,253,3455,由田,93.4,22Q4,55.9,6.53,16.6,9.66,23.2,33.5,2.86,12,0.03,0.6,50.4,15.1,6.16,0,21.9,28.5,47.58,66
267,254,2850,新產,49.2,22Q4,155,109,16,,,,218,11.5,0.23,7.97,440,,,2.43,290,150,47.57,64
268,255,3081,聯亞,115,22Q4,106,16.4,4.58,3.76,21,25.1,,21.6,0.06,1.13,51.2,4.5,,0.05,7.61,43.6,47.42,68
269,256,5223,安力-KY,40.95,22Q3,18.2,3.67,11.1,1.78,21.9,24,1.01,10.3,0.04,0.15,38.3,10.7,3.32,1.19,17.2,21.1,47.38,53
270,257,4739,康普,96.6,22Q4,103,30.7,6.1,22.5,37.3,65.2,0.03,44.8,,1.77,113,33.1,17,0.07,53.9,59.1,47.33,49
271,258,1303,南亞,75.4,22Q4,5980,894,578,530,1843,2432,1880,2120,17.3,157,6653,1706,583,229,2712,3941,47.3,51
272,259,2753,八方雲集,206.5,22Q3,136,8.96,2.14,2.81,18.8,22.6,0.04,17.3,0.12,3.31,56.4,13.5,0.35,0.41,24.7,31.7,47.17,64
273,260,3687,歐買尬,85.3,22Q4,25.6,11.8,8.67,0,49.7,77.9,3.11,0.21,0.12,2.13,83.6,40.2,5.69,0.76,46.8,36.8,46.9,57
274,261,5530,龍巖,39.45,22Q3,166,4.22,91.3,171,131,407,156,71.2,7.63,12.8,665,448,,0.7,450,214,46.9,55
275,262,6568,宏觀,162,22Q3,49.9,6.22,0.87,4.89,10.7,15.8,0.15,2.25,0.98,0.03,19.3,4.94,,0.02,4.99,14.4,46.89,62
276,263,6561,是方,371,22Q4,262,23.6,2.3,0.04,25.9,27.8,1.21,11,0.53,0.35,57.5,7,,0.93,24.2,33.3,46.83,81
277,264,8261,富鼎,106,22Q4,124,6.85,7.58,8.73,40.4,49.6,1.67,4.58,0.03,5.4,61.7,6.87,0,,6.94,54.8,46.7,72
278,265,4163,鐿鈦,125,22Q4,60.4,11.1,2.89,9.55,14,24.6,1.2,16.8,0.7,0.79,45.6,13.6,7.78,0.89,23,22.6,46.68,62
279,266,6538,倉和,83.2,22Q3,31.8,5.15,7.94,1.76,14.3,16.2,1.06,7.65,0.03,0.42,26,6.28,,0.68,8.65,17.4,46.57,57
280,267,6756,威鋒電子,220.5,22Q4,151,15.1,2.61,9.58,17.8,27.5,8.01,0.81,0.46,0.64,38.3,6.45,,0.03,6.47,31.8,46.26,77
281,268,1583,程泰,65.2,22Q3,72,24.1,22.2,37.2,60.9,106,3.12,32.9,1.6,0.76,149,75,2.29,1.09,81.6,67.2,46.25,53
282,269,3570,大塚,115.5,22Q3,19.7,4.46,2.95,1.82,7.42,9.56,0.3,0.27,,0.32,10.7,2.55,,0.03,2.77,7.89,46.11,66
283,270,6556,勝品,172.5,22Q4,49.6,3.3,6.32,5.73,9.63,15.6,1.23,7.68,0,0.04,24.7,9.7,1.45,0.05,11.4,13.4,45.84,57
285,271,6788,華景電,140,22Q4,48.6,10.5,2.2,4.48,12.7,17.3,,6.1,0.03,0.01,23.7,5.08,2.2,0,7.77,15.9,45.67,77
286,272,1234,黑松,35.55,22Q4,143,9.77,9.03,54.4,24,79.7,84.5,59.4,0.06,2.77,228,19.8,,2.25,44.1,183,45.65,45
287,273,2451,創見,71.6,22Q4,307,31.9,13,31.4,131,163,33.1,15.8,,0.52,215,14.3,,0.42,19.8,196,45.57,72
288,274,4755,三福化,123,22Q4,124,6.02,12.4,7.17,21,33.7,6.06,30.2,,0.67,72.2,22.1,3.25,0.08,26,46.2,45.56,60
289,275,6762,達亞,250,22Q4,64.7,3.37,1.26,0.99,4.63,5.71,,3.66,0.03,4.99,18.3,1.68,0.97,,6.52,11.8,45.49,75
290,276,6435,大中,103,22Q4,34.4,2.08,2.93,9.88,5.01,15.6,0.99,2.2,0.07,5.95,25,6.23,,3.6,9.84,15.2,45.4,53
291,277,1102,亞泥,42.7,22Q4,1514,435,148,86.7,1012,1114,1405,398,67.9,200,3242,710,555,10.2,1400,1842,45.35,45
292,278,2387,精元,42.05,22Q3,82.1,31.4,92.2,36.2,130,170,3.82,55.2,0.34,0.89,233,118,11.6,2.07,134,99,45.27,43
293,279,2524,京城,32.4,22Q3,120,2.55,0.38,319,2.94,330,0.15,6.86,1.62,0.5,340,94.3,77.7,0.37,173,167,45.26,47
294,280,6138,茂達,146.5,22Q4,109,19.3,7.6,15.9,28.7,45.3,0,6.89,0.29,6.21,60.6,14.2,,4.02,19.5,41.1,45.18,68
295,281,5609,中菲行,83.7,22Q4,114,58.1,28.4,,86.6,90.5,2.7,5.6,0.74,1.12,105,41.8,,0.46,44,61.2,45.09,57
296,282,3483,力致,63,22Q4,49.2,14.4,25.3,11.4,41,53.6,0.88,15.6,0.37,0.88,73.1,34.2,1,0,38,35.2,45.02,45
297,283,8454,富邦媒,816,22Q4,1783,80.4,27.3,44.8,108,156,11.3,73.2,0.57,5.69,263,150,,3.6,164,99,44.92,53
298,284,2478,大毅,46.8,22Q4,67.7,15.7,12.6,21.4,29.7,52.2,2.32,35,0.22,0.48,91.4,17.9,7.52,,25.5,65.9,44.86,57
299,285,1582,信錦,60,22Q4,74.2,35.1,21.5,9.08,66,78.8,2.35,21.8,3.84,0.76,114,37.9,13.6,0.25,55.7,58.8,44.83,49
300,286,3019,亞光,64.9,22Q4,181,91.8,39.1,33.6,132,168,5.8,25.4,0.74,0.98,204,53.8,,1.33,57.3,147,44.71,53
301,287,3260,威剛,68.6,22Q4,183,51.4,47.1,62.3,112,185,57.2,98.3,7,2.92,359,105,113,0.35,233,126,44.7,40
302,288,6485,點序,80.6,22Q4,36,13.6,1.66,5.38,15.5,21.3,,2.13,0.5,0.02,24.2,4.18,,0,4.23,19.9,44.62,77
304,289,6023,元大期,49.85,22Q4,145,97.1,2.42,,1080,1086,21.6,6.53,0.74,14.9,1124,978,15,0.71,995,129,44.39,55
305,290,6416,瑞祺電通,99.8,22Q3,73,5.77,11.4,28.9,17.3,47.9,0.38,0.88,3.51,1.41,55,19.5,0.23,0,20.5,34.4,44.34,49
306,291,5474,聰泰,77.3,22Q4,31.2,4.56,0.04,3.53,4.6,9.36,11,0.11,0.04,0.18,21.1,3.02,,0.02,3.55,17.6,44.27,74
307,292,4138,曜亞,73.4,22Q3,22,6.69,2.41,2.08,14.5,17.1,1.63,1.79,0.03,1.41,25.2,7.77,,0.01,10.2,15,44.22,60
308,293,2316,楠梓電,28.1,22Q3,51.4,4.61,14.6,11.5,22.4,52.6,45.1,25.4,0,6.85,133,27.4,15.8,1.7,52.5,80.2,44.18,36
309,294,6411,晶焱,122.5,22Q3,120,18.8,4.72,5.48,23.5,31.1,0.78,15.8,0.89,9.19,59.9,17.3,,0.18,17.5,42.4,44.07,70
310,295,8155,博智,118.5,22Q4,60.7,8.51,11.2,4.87,19.7,25,,10.3,0.02,0.39,35.8,13,,0.14,13.2,22.6,44.07,59
311,296,6274,台燿,70.8,22Q4,191,58.9,62.1,19.7,130,151,0.08,42.9,0.14,2.32,198,65.5,11.5,1.09,79,119,44.06,51
312,297,2382,廣達,83.2,22Q4,3214,2046,2855,2259,5000,7333,43.5,632,8.69,27.5,8161,6286,45.3,6.2,6396,1765,43.89,38
313,298,8416,實威,126,22Q3,35.5,8.6,2.73,0.55,11.5,12.3,,2.16,0.22,0.11,15,2.26,0.1,0.09,2.63,12.4,43.88,80
314,299,3017,奇鋐,119,22Q4,420,200,50.8,174,267,455,5.24,96.9,1.34,15.1,605,329,65.9,7.18,431,174,43.86,53
315,300,6728,上洋,151,22Q4,34.7,1.32,2.03,7.57,3.35,11.5,0,3.41,,0.91,16.9,5.42,0.65,0.11,6.85,10.1,43.85,55
