,證券代號,證券名稱,公司名稱,資本額,成立日期,上市日期,殖利率,本益比,淨值比
0,1101,台泥,臺灣水泥股份有限公司,775.1181742,19501229,19620209,3.03,32.04,1.10
1,1102,亞泥,亞洲水泥股份有限公司,354.6562881,19570321,19620608,4.72,14.50,0.93
2,1103,嘉泥,嘉新水泥股份有限公司,79.0247459,19541213,19691114,2.70,154.17,0.56
3,1104,環泥,環球水泥股份有限公司,67.3217467,19600321,19710201,5.65,11.31,1.09
4,1108,幸福,幸福水泥股份有限公司,40.4738049,19740507,19900606,5.83,13.19,1.37
5,1109,信大,信大水泥股份有限公司,34.1158868,19640315,19911205,5.81,10.27,0.87
6,1110,東泥,東南水泥股份有限公司,57.2000797,19561228,19941022,0.96,80.19,1.33
7,1201,味全,味全食品工業股份有限公司,50.6062914,19530922,19620209,1.42,35.85,1.32
8,1203,味王,味王股份有限公司,24.0,19590704,19640824,2.16,28.33,2.10
9,1210,大成,大成長城企業股份有限公司,89.4767222,19601228,19780520,3.83,11.93,2.05
10,1213,大飲,大西洋飲料股份有限公司,5.6622627,19650724,19810410,0.00,-,1.79
11,1215,卜蜂,台灣卜蜂企業股份有限公司,29.4790098,19770822,19870727,3.30,13.77,3.20
12,1216,統一,統一企業股份有限公司,568.2015421,19670825,19871228,3.87,24.02,3.53
13,1217,愛之味,愛之味股份有限公司,49.4513336,19710626,19891028,1.88,29.88,0.89
14,1218,泰山,泰山企業股份有限公司,49.9999038,19501026,19891111,2.56,-,0.90
15,1219,福壽,福壽實業股份有限公司,33.1663383,19550207,19901201,4.16,20.48,1.41
16,1220,台榮,台榮產業股份有限公司,17.7077944,19690313,19911120,1.18,22.37,1.29
17,1225,福懋油,福懋油脂股份有限公司,22.9638204,19860418,19930927,2.16,40.50,4.24
18,1227,佳格,佳格食品股份有限公司,91.5089591,19860606,19940409,3.23,28.67,2.02
19,1229,聯華,聯華實業投資控股股份有限公司,158.3739567,19550720,19760719,3.12,25.53,2.33
20,1231,聯華食,聯華食品工業股份有限公司,24.6656591,19700707,19951102,2.64,25.06,4.22
21,1232,大統益,大統益股份有限公司,15.9974915,19820524,19960209,4.52,20.48,4.11
22,1233,天仁,天仁茶業股份有限公司,9.0591948,19751211,19990120,2.65,32.03,2.07
23,1234,黑松,黑松股份有限公司,40.1871094,19691213,19990312,4.41,18.26,0.93
24,1235,興泰,興泰實業股份有限公司,14.966495,19721115,20000911,1.21,31.72,1.75
25,1236,宏亞,宏亞食品股份有限公司,8.6674008,19760614,20010917,2.70,133.61,0.86
26,1256,鮮活果汁-KY,鮮活控股股份有限公司,3.384216,20100112,20160317,3.03,17.57,1.95
27,1301,台塑,台灣塑膠工業股份有限公司,636.5740781,19541105,19640727,1.45,60.00,1.26
28,1303,南亞,南亞塑膠工業股份有限公司,793.0821589,19580822,19671105,1.21,72.13,1.27
29,1304,台聚,台灣聚合化學品股份有限公司,118.87635,19650526,19720520,2.19,-,0.74
30,1305,華夏,華夏海灣塑膠股份有限公司,58.1050494,19640429,19730305,1.93,30.68,1.10
31,1307,三芳,三芳化學工業股份有限公司,39.7818126,19730616,19851123,4.72,16.65,1.41
32,1308,亞聚,亞洲聚合股份有限公司,59.3743919,19770125,19860620,2.38,94.50,0.84
33,1309,台達化,台達化學工業股份有限公司,39.7586848,19600406,19860627,1.97,-,0.91
34,1310,台苯,台灣苯乙烯工業股份有限公司,52.7869764,19791116,19870806,1.50,-,1.02
35,1312,國喬,國喬石油化學股份有限公司,112.6620328,19730925,19881221,3.72,-,0.46
36,1313,聯成,聯成化學科技股份有限公司,136.4956607,19760814,19890327,1.47,-,0.60
37,1314,中石化,中國石油化學工業開發(股)公司,378.485013,19690708,19910712,0.00,-,0.54
38,1315,達新,達新工業股份有限公司,9.9099,19661024,19920509,7.00,19.51,0.64
39,1316,上曜,上曜建設開發股份有限公司,28.0416933,19791211,19921015,2.61,-,1.81
40,1319,東陽,東陽實業廠股份有限公司,59.1477068,19671030,19941212,3.46,22.65,2.68
41,1321,大洋,大洋塑膠工業股份有限公司,22.7228268,19650607,19990126,0.92,49.20,1.54
42,1323,永裕,永裕塑膠工業股份有限公司,9.1274554,19730402,20000911,3.20,33.60,1.17
43,1324,地球,地球綜合工業股份有限公司,7.5121882,19641208,20000911,1.32,28.49,1.17
44,1325,恆大,恒大股份有限公司,8.5281198,19621014,20000911,2.15,132.62,0.86
45,1326,台化,台灣化學纖維股份有限公司,586.1186291,19650305,19841220,2.21,38.70,0.97
46,1337,再生-KY,亞洲塑膠再生資源控股有限公司,26.8954729,20100108,20110817,0.00,-,0.48
47,1338,廣華-KY,廣華控股有限公司,8.384,20091208,20121219,1.47,-,0.47
48,1339,昭輝,昭輝實業股份有限公司,7.4123875,19860307,20120424,3.77,13.52,1.49
49,1340,勝悅-KY,勝悅新材料有限公司,15.2922855,20120614,20140114,0.00,-,0.41
50,1341,富林-KY,富林塑膠工業(開曼)控股(股)公司,5.2850634,20161130,20181224,6.81,14.85,2.62
51,1342,八貫,八貫企業股份有限公司,7.1344847,19820617,20201124,4.90,16.49,3.90
52,1402,遠東新,遠東新世紀股份有限公司,535.2875227,19540113,19670414,4.03,21.75,0.80
53,1409,新纖,新光合成纖維股份有限公司,161.8409286,19670425,19730831,3.23,36.28,0.76
54,1410,南染,南洋染整股份有限公司,6.3,19641222,19731018,0.78,159.58,2.25
55,1413,宏洲,宏洲纖維工業股份有限公司,13.2112454,19680730,19751223,0.00,-,1.26
56,1414,東和,東和紡織股份有限公司,22.0,19590911,19760202,1.24,74.44,1.41
57,1416,廣豐,廣豐實業股份有限公司,18.5342168,19680628,19760420,3.52,27.84,0.75
58,1417,嘉裕,嘉裕股份有限公司,18.994184,19691212,19761228,1.72,-,0.85
59,1418,東華,東華龍股份有限公司,5.6834309,19700302,19770214,0.00,44.53,1.41
60,1419,新紡,新光紡織股份有限公司,30.004128,19550606,19770314,2.39,23.18,1.14
61,1423,利華,利華羊毛工業股份有限公司,9.9648,19640723,19790402,1.89,44.65,1.10
62,1432,大魯閣,大魯閣實業股份有限公司,9.0,19730718,19820726,0.00,27.69,2.14
63,1434,福懋,福懋興業股份有限公司,168.4664637,19730419,19851224,2.16,88.85,0.72
64,1435,中福,中福國際(股)公司,13.978008,19710115,19871228,0.00,-,5.09
65,1436,華友聯,華友聯開發股份有限公司(原福益),9.9707766,19670131,19880411,4.28,17.28,4.28
66,1437,勤益控,勤益投資控股股份有限公司,20.3371284,19610223,19881110,3.20,12.54,0.94
67,1438,三地開發,三地開發地產股份有限公司,9.1205759,19551011,19881215,1.81,-,2.70
68,1439,雋揚,雋揚國際股份有限公司,9.2,19641001,19890522,0.97,15.50,1.11
69,1440,南紡,臺南紡織股份有限公司,165.6815857,19550321,19891003,1.82,15.16,1.08
70,1441,大東,大東紡織股份有限公司,6.9382182,19580315,19891027,0.00,-,2.57
71,1442,名軒,名軒開發股份有限公司,36.6211358,19740718,19891116,5.65,13.14,3.15
72,1443,立益物流,立益物流開發股份有限公司,13.5343011,19721125,19900421,0.00,24.46,2.16
73,1444,力麗,力麗企業股份有限公司,99.5595059,19790115,19900808,4.18,-,0.89
74,1445,大宇,大宇紡織股份有限公司,13.0666034,19690912,19910205,10.85,2.99,1.12
75,1446,宏和,宏和精密紡織股份有限公司,13.7709513,19780609,19911015,1.43,61.25,4.43
76,1447,力鵬,力鵬企業股份有限公司,91.0071242,19750820,19920128,0.00,-,0.76
77,1449,佳和,佳和實業股份有限公司,8.5210103,19721212,19920506,0.23,29.25,0.91
78,1451,年興,年興紡織股份有限公司,20.621,19861013,19921221,2.37,-,0.62
79,1452,宏益,宏益纖維工業股份有限公司,13.26414,19680823,19921228,1.70,38.37,0.85
80,1453,大將,大將開發股份有限公司,10.6742433,19780415,19930419,0.99,53.16,2.25
81,1454,台富,台灣富綢纖維股份有限公司,12.9833848,19730601,19930507,1.58,99.06,1.21
82,1455,集盛,集盛實業股份有限公司,53.168838,19690818,19931007,0.70,-,1.20
83,1456,怡華,怡華實業股份有限公司,9.372,19680802,19931209,0.89,450.00,1.38
84,1457,宜進,宜進實業股份有限公司,30.164764,19810324,19941020,6.17,9.53,0.98
85,1459,聯發,聯發紡織纖維股份有限公司,35.8628907,19721211,19941026,0.00,158.57,1.26
86,1460,宏遠,宏遠興業股份有限公司,69.4643484,19880208,19950428,0.00,-,0.94
87,1463,強盛,強盛染整股份有限公司,17.3268381,19831019,19961205,2.70,28.46,1.34
88,1464,得力,得力實業股份有限公司,40.7639591,19820710,19970118,1.87,102.69,1.09
89,1465,偉全,偉全實業股份有限公司,10.3607267,19721127,19970908,3.15,28.30,0.99
90,1466,聚隆,聚隆纖維股份有限公司,11.115732,19880722,19980404,0.00,-,1.00
91,1467,南緯,南緯實業股份有限公司,23.3624667,19780818,19981221,0.00,-,1.00
92,1468,昶和,昶和纖維興業股份有限公司,16.0405244,19820410,19990121,0.00,81.47,1.85
93,1470,大統新創,大統新創股份有限公司,8.5767,19861209,19990521,2.94,33.97,1.71
94,1471,首利,首利實業股份有限公司,15.0414536,19821021,20000306,0.00,-,1.57
95,1472,三洋實業,三洋實業股份有限公司,4.2488082,19681007,20000911,2.44,24.52,2.44
96,1473,台南,台南企業股份有限公司,14.6153534,19610826,20000911,3.46,16.29,1.37
97,1474,弘裕,弘裕企業股份有限公司,12.9896969,19700904,20001031,2.96,-,0.87
98,1475,業旺,台灣業旺股份有限公司,6.6016749,19901102,20001027,3.52,13.49,2.97
99,1476,儒鴻,儒鴻企業股份有限公司,27.4367111,19771128,20010418,2.71,23.63,5.78
100,1477,聚陽,聚陽實業股份有限公司,24.1856581,19900110,20030121,4.24,22.49,7.11
101,1503,士電,士林電機廠股份有限公司,52.0972223,19551103,19691215,1.06,62.97,4.56
102,1504,東元,東元電機股份有限公司,213.8796616,19560612,19731105,3.89,20.51,1.49
103,1506,正道,正道工業股份有限公司,30.0388501,19650313,19800811,0.00,57.76,1.85
104,1512,瑞利,瑞利企業股份有限公司,9.8183498,19700618,19940128,0.00,253.75,2.70
105,1513,中興電,中興電工機械股份有限公司,50.3112515,19560501,19940308,2.03,55.30,5.57
106,1514,亞力,亞力電機股份有限公司,25.2779237,19680925,19940326,1.36,43.02,6.98
107,1515,力山,力山工業股份有限公司,18.14735,19730430,19950204,2.38,29.71,2.42
108,1516,川飛,川飛能源股份有限公司,3.8820143,19860220,19950401,1.54,37.92,1.67
109,1517,利奇,利奇機械工業股份有限公司,22.5685007,19730516,19951114,1.23,-,0.98
110,1519,華城,華城電機股份有限公司,26.1058548,19690826,19970416,0.88,80.75,34.53
111,1521,大億,大億交通工業製造股份有限公司,7.623,19760128,19971006,1.79,69.82,1.68
112,1522,堤維西,堤維西交通工業股份有限公司,34.2897881,19860909,19971006,3.94,15.88,1.89
113,1524,耿鼎,耿鼎企業股份有限公司,16.5310397,19860313,19981030,3.52,17.32,2.26
114,1525,江申,江申工業股份有限公司,7.3400135,19630530,19990515,4.63,12.96,1.09
115,1526,日馳,日馳企業股份有限公司,6.0,19720526,20000327,10.04,44.54,1.45
116,1527,鑽全,鑽全實業股份有限公司,13.857064,19830702,20000621,4.68,15.99,1.25
117,1528,恩德,恩德科技股份有限公司,19.1331,19720721,20000911,0.82,-,0.97
118,1529,樂事綠能,樂事綠能科技股份有限公司,15.0577742,19780524,20000911,1.78,36.68,2.88
119,1530,亞崴,亞崴機電股份有限公司,9.6594171,19860716,20000911,4.61,14.93,0.95
120,1531,高林股,高林股份有限公司,18.360808,19651005,20000911,1.47,170.63,0.69
121,1532,勤美,勤美股份有限公司,37.8786504,19720909,20000911,2.83,20.90,1.52
122,1533,車王電,車王電子股份有限公司,9.8547486,19820719,20010406,0.00,-,1.91
123,1535,中宇,中宇環保工程股份有限公司,12.3742552,19930315,20010917,4.51,16.16,2.41
124,1536,和大,和大工業股份有限公司,27.9517513,19730116,20010917,1.87,45.73,1.71
125,1537,廣隆,廣隆光電科技股份有限公司,8.2062794,19900125,20020122,5.07,18.60,2.73
126,1538,正峰,正峰工業股份有限公司,5.3838999,19760424,20020826,0.00,-,4.10
127,1539,巨庭,巨庭機械股份有限公司,6.537,19810817,20021029,2.40,25.99,1.03
128,1540,喬福,喬福機械工業股份有限公司,8.5473612,19840808,20020826,5.35,15.81,1.23
129,1541,錩泰,錩泰工業股份有限公司,7.88,19890421,20030319,1.50,22.88,1.38
130,1558,伸興,伸興工業股份有限公司,6.6535631,19750103,20141223,3.83,26.01,1.23
131,1560,中砂,中國砂輪企業股份有限公司,14.49435,19640708,20050131,1.60,39.08,6.21
132,1568,倉佑,倉佑實業股份有限公司,10.3086559,19850116,20140514,4.55,11.03,1.65
133,1582,信錦,信錦企業股份有限公司,14.0776879,19790707,20091217,3.99,17.34,2.01
134,1583,程泰,程泰機械股份有限公司,11.0400372,19750928,20080124,5.35,11.58,1.49
135,1587,吉茂,吉茂精密股份有限公司,6.8624449,19840822,20180416,1.37,119.34,3.64
136,1589,永冠-KY,永冠能源科技集團有限公司,11.8135941,20080122,20120427,0.00,-,0.64
137,1590,亞德客-KY,亞德客國際集團,19.9999998,20090916,20101213,1.59,31.29,5.12
138,1597,直得,直得科技股份有限公司,8.9261804,19981019,20201223,1.20,59.29,2.47
139,1598,岱宇,岱宇國際股份有限公司,15.9609754,19900602,20160920,0.00,-,1.07
140,1603,華電,中華電線電纜股份有限公司,19.1688,19610223,19680603,3.04,14.28,1.05
141,1604,聲寶,聲寶股份有限公司,38.42,19620911,19701214,5.15,14.55,1.30
142,1605,華新,華新麗華股份有限公司,403.1332948,19661202,19721103,3.03,37.42,1.03
143,1608,華榮,華榮電線電纜股份有限公司,63.2773506,19561208,19880711,2.97,15.11,1.86
144,1609,大亞,大亞電線電纜股份有限公司,73.6816274,19621107,19881212,3.21,13.99,2.71
145,1611,中電,中國電器股份有限公司,32.2735742,19550201,19900116,2.95,36.85,1.26
146,1612,宏泰,宏泰電工股份有限公司,31.6080063,19680808,19930508,5.57,18.04,1.50
147,1614,三洋電,台灣三洋電機股份有限公司,26.9113406,19630213,19970918,2.35,36.73,2.12
148,1615,大山,大山電線電纜股份有限公司,16.3722696,19740415,20000330,4.20,18.54,3.30
149,1616,億泰,億泰電線電纜股份有限公司,19.4148515,19880321,20000911,1.40,22.18,2.66
150,1617,榮星,榮星電線工業股份有限公司,15.7797838,19710717,20000911,1.27,262.78,1.83
151,1618,合機,合機電線電纜股份有限公司,19.2691747,19890301,20000911,2.13,23.36,1.79
152,1626,艾美特-KY,艾美特(開曼)國際有限公司,15.2821721,20040311,20130321,1.85,95.29,0.80
153,1701,中化,中國化學製藥股份有限公司,29.808108,19520312,19620209,2.26,20.46,0.88
154,1702,南僑,南僑投資控股股份有限公司,29.4132962,19500630,19730530,4.10,14.52,1.54
155,1707,葡萄王,葡萄王生技股份有限公司,14.8137373,19710401,19821220,4.37,16.11,2.35
156,1708,東鹼,東南實業股份有限公司,24.9001651,19570302,19860616,4.78,-,1.23
157,1709,和益,和益化學工業股份有限公司,47.7016272,19730621,19860703,3.08,22.10,1.16
158,1710,東聯,東聯化學股份有限公司,88.5703029,19751222,19871021,1.16,-,1.25
159,1711,永光,臺灣永光化學工業股份有限公司,54.7752226,19720907,19881227,0.75,125.00,1.31
160,1712,興農,興農股份有限公司,42.0492585,19631120,19891214,6.77,16.54,2.05
161,1713,國化,國泰化工廠股份有限公司,15.09517,19621211,19900131,2.87,21.03,2.59
162,1714,和桐,和桐化學股份有限公司,101.6824808,19800801,19910830,1.09,15.25,0.76
163,1717,長興,長興材料工業股份有限公司,117.8265483,19641203,19940331,2.51,24.92,1.52
164,1718,中纖,中國人造纖維股份有限公司,168.5905745,19550511,19631202,0.00,-,0.50
165,1720,生達,生達化學製藥股份有限公司,17.8696089,19670630,19951212,4.25,13.60,2.14
166,1721,三晃,三晃股份有限公司,18.4884092,19741231,19960516,0.70,-,1.25
167,1722,台肥,台灣肥料股份有限公司,98.0,19460501,19980324,3.92,16.60,1.19
168,1723,中碳,中鋼碳素化學股份有限公司,23.690448,19890203,19981127,3.56,18.81,3.12
169,1725,元禎,元禎企業股份有限公司,18.1829978,19770720,20000911,1.98,38.95,1.70
170,1726,永記,永記造漆工業股份有限公司,16.2,19570529,20000911,4.37,15.61,1.33
171,1727,中華化,臺灣中華化學工業股份有限公司,11.8464251,19561030,20000911,1.02,79.32,1.89
172,1730,花仙子,花仙子企業股份有限公司,6.3233851,19830524,20010917,4.95,15.51,1.95
173,1731,美吾華,美吾華股份有限公司,13.2915244,19761001,20010917,4.47,20.24,1.68
174,1732,毛寶,毛寶股份有限公司,4.2443957,19781206,20010917,0.00,-,2.50
175,1733,五鼎,五鼎生物技術股份有限公司,9.9950192,19971202,20010917,3.25,29.18,1.88
176,1734,杏輝,杏輝藥品工業股份有限公司,16.7722022,19770702,20020826,4.88,16.47,2.00
177,1735,日勝化,日勝化工股份有限公司,9.9388,19890515,20020826,2.86,23.03,1.16
178,1736,喬山,喬山健康科技股份有限公司,30.3616617,19751007,20030109,1.18,36.15,2.66
179,1737,臺鹽,臺鹽實業股份有限公司,20.0,19950701,20031118,3.51,23.07,1.04
180,1752,南光,南光化學製藥股份有限公司,10.0988472,19730820,20220119,4.48,28.23,2.02
181,1760,寶齡富錦,寶齡富錦生技股份有限公司,8.5739013,19760107,20180123,1.55,107.33,4.33
182,1762,中化生,中化合成生技股份有限公司,7.756,19640519,20101220,1.72,13.60,1.08
183,1773,勝一,勝一化工股份有限公司,25.0,19790124,20090227,1.86,26.74,4.73
184,1776,展宇,展宇科技材料股份有限公司,6.0106952,19760424,20160509,2.82,41.28,1.21
185,1783,和康生,和康生物科技股份有限公司,8.8934115,19981203,20131220,2.34,25.48,2.82
186,1786,科妍,科妍生物科技股份有限公司,6.7731108,20011112,20131112,2.37,40.11,4.39
187,1789,神隆,台灣神隆股份有限公司,79.0739222,19971111,20110929,1.06,57.76,2.13
188,1795,美時,美時化學製藥股份有限公司,26.4958312,19660630,20191216,1.55,19.33,4.58
189,1802,台玻,台灣玻璃工業股份有限公司,290.80608,19640825,19730720,0.00,"1,720.00",1.05
190,1805,寶徠,寶徠建設股份有限公司,10.018578,19780630,19891020,0.00,-,2.83
191,1806,冠軍,冠軍建材股份有限公司,39.040387,19721124,19920929,0.00,-,0.81
192,1808,潤隆,潤隆建設股份有限公司,45.1026133,19770110,19941026,12.88,6.82,3.89
193,1809,中釉,中國製釉股份有限公司,16.7041937,19741206,19960430,0.82,-,1.41
194,1810,和成,和成欣業股份有限公司,30.2303719,19630415,19911014,1.07,311.67,0.85
195,1817,凱撒衛,凱撒衛浴股份有限公司,7.26,19880126,20131024,4.59,11.99,1.41
196,1903,士紙,士林紙業股份有限公司,26.0039121,19590908,19631209,0.00,204.55,4.08
197,1904,正隆,正隆股份有限公司,110.8274522,19590204,19710910,1.71,35.18,1.12
198,1905,華紙,中華紙漿股份有限公司,110.2835316,19680705,19750207,1.28,-,1.68
199,1906,寶隆,寶隆國際股份有限公司,15.1,19650520,19760426,0.95,79.25,0.55
200,1907,永豐餘,永豐餘投資控股股份有限公司,166.0371495,19500220,19770222,2.87,28.55,0.89
201,1909,榮成,榮成紙業股份有限公司,132.7685727,19780318,19851119,1.60,-,0.94
202,2002,中鋼,中國鋼鐵股份有限公司,1577.3128996,19711203,19741226,1.39,228.18,1.24
203,2006,東和鋼鐵,東和鋼鐵企業股份有限公司,73.0213818,19620530,19880713,5.74,11.38,1.83
204,2007,燁興,燁興企業股份有限公司,53.0651613,19780718,19881004,0.00,-,1.05
205,2008,高興昌,高興昌鋼鐵股份有限公司,19.0852293,19660115,19881228,3.64,12.11,1.52
206,2009,第一銅,第一伸銅科技股份有限公司,35.9622165,19690728,19891020,0.87,-,2.77
207,2010,春源,春源鋼鐵工業股份有限公司,64.765539,19660107,19891222,4.52,16.37,1.22
208,2012,春雨,春雨工廠股份有限公司,30.21627,19650327,19911017,3.74,26.76,1.59
209,2013,中鋼構,中國鋼鐵結構股份有限公司,20.0,19780224,19920121,3.14,21.80,2.23
210,2014,中鴻,中鴻鋼鐵股份有限公司,143.5544446,19830929,19920220,0.44,-,2.07
211,2015,豐興,豐興鋼鐵股份有限公司,58.1599424,19690107,19920525,4.94,17.27,2.01
212,2017,官田鋼,官田鋼鐵股份有限公司,44.6874691,19730728,19921102,5.35,-,1.20
213,2020,美亞,美亞鋼管廠股份有限公司,22.25261,19590929,19930427,9.82,8.49,2.23
214,2022,聚亨,聚亨企業股份有限公司,33.7168138,19801203,19950327,1.65,50.42,1.13
215,2023,燁輝,燁輝企業股份有限公司,194.5310994,19780414,19950728,1.93,-,1.02
216,2024,志聯,志聯工業股份有限公司,9.75,19730903,19951230,1.60,-,1.94
217,2025,千興,千興不銹鋼(股)公司,28.1167262,19720508,19960208,0.00,14.69,1.96
218,2027,大成鋼,大成不銹鋼工業股份有限公司,243.4260615,19861127,19961024,3.23,14.92,1.26
219,2028,威致,威致鋼鐵工業股份有限公司,32.57148,19821027,19961213,3.04,20.55,1.91
220,2029,盛餘,盛餘股份有限公司,32.118,19730519,19970111,4.30,14.90,0.94
221,2030,彰源,彰源企業股份有限公司,28.0526027,19841005,19981224,2.65,104.72,1.10
222,2031,新光鋼,新光鋼鐵股份有限公司,32.1146341,19670101,20000911,4.96,11.75,1.71
223,2032,新鋼,新鋼工業股份有限公司,13.0521545,19710710,20000911,1.15,-,1.38
224,2033,佳大,佳大世界股份有限公司,8.0694536,19730423,20000911,0.00,-,1.31
225,2034,允強,允強實業股份有限公司,47.0002421,19730131,20010917,3.93,-,1.25
226,2038,海光,海光企業股份有限公司,19.0327748,19690321,20081230,2.47,72.32,1.04
227,2049,上銀,上銀科技股份有限公司,35.379224,19891011,20090626,1.08,40.26,2.34
228,2059,川湖,川湖科技股份有限公司,9.5297072,19860922,20080625,1.18,42.28,6.96
229,2062,橋椿,橋椿金屬股份有限公司,19.9994152,19840709,20071116,2.70,18.85,0.81
230,2069,運錩,運錩鋼鐵股份有限公司,16.6386836,19870724,20160322,2.99,-,0.74
231,2101,南港,南港輪胎股份有限公司,83.3934904,19590225,19631101,0.00,380.63,4.90
232,2102,泰豐,泰豐輪胎股份有限公司,47.3329207,19551123,19790716,0.00,-,1.32
233,2103,台橡,台橡股份有限公司,82.5709978,19731122,19820925,2.29,29.88,1.04
234,2104,國際中橡,國際中橡投資控股股份有限公司,98.4733625,19730615,19860715,0.56,-,0.51
235,2105,正新,正新橡膠工業股份有限公司,324.1415536,19691219,19871207,4.15,21.73,1.83
236,2106,建大,建大工業股份有限公司,95.489,19620330,19901220,2.96,36.68,1.65
237,2107,厚生,厚生股份有限公司,30.35934,19630122,19920303,4.81,15.79,0.66
238,2108,南帝,南帝化學工業股份有限公司,49.2416659,19790110,19921027,2.91,23.72,1.20
239,2109,華豐,華豐橡膠工業股份有限公司,27.9349134,19590527,20000508,6.94,11.46,1.40
240,2114,鑫永銓,鑫永銓股份有限公司,7.7991707,19690822,20101229,4.67,17.77,2.70
241,2115,六暉-KY,六暉控股股份有限公司,9.9403013,20091019,20131225,3.03,18.72,1.08
242,2201,裕隆,裕隆汽車製造股份有限公司,107.0001251,19530910,19760708,1.90,16.69,1.31
243,2204,中華,中華汽車工業股份有限公司,55.3620342,19690613,19910312,4.07,14.45,2.28
244,2206,三陽工業,三陽工業股份有限公司,79.7489604,19610829,19960729,3.57,10.57,2.97
245,2207,和泰車,和泰汽車股份有限公司,55.7102768,19550425,19970225,3.20,15.23,5.26
246,2208,台船,台灣國際造船股份有限公司,127.4539449,19731107,20081222,0.00,-,2.69
247,2211,長榮鋼,長榮鋼鐵股份有限公司,41.7091463,19730129,20210412,4.33,17.05,2.57
248,2227,裕日車,裕隆日產汽車股份有限公司,30.0,20031022,20041221,5.31,35.14,2.30
249,2228,劍麟,劍麟股份有限公司,7.5780281,19770427,20131125,4.52,12.25,1.78
250,2231,為升,為升電裝工業股份有限公司,14.0917608,19890109,20101119,2.78,34.29,3.61
251,2233,宇隆,宇隆科技股份有限公司,6.0288089,19871229,20190917,3.91,15.29,2.29
252,2236,百達-KY,百達精密工業股份有限公司,5.0391249,20110629,20150603,0.38,25.30,2.30
253,2239,英利-KY,開曼英利工業股份有限公司,12.0346593,20150116,20160127,1.11,42.29,0.60
254,2241,艾姆勒,艾姆勒科技股份有限公司,10.4602306,20110624,20200826,0.00,-,2.88
255,2243,宏旭-KY,宏旭控股股份有限公司,6.9373596,20150324,20170927,0.00,-,1.42
256,2247,汎德永業,汎德永業汽車股份有限公司,8.0708735,19791107,20201012,5.44,14.80,2.27
257,2250,IKKA-KY,第一化成控股(開曼)股份有限公司,3.1326908,20160331,20210531,2.95,25.06,1.80
258,2254,巨鎧精密-創,巨鎧精密工業股份有限公司,6.390768,20130914,20231020,2.80,-,5.97
259,2258,鴻華先進-創,鴻華先進科技股份有限公司,174.1314,20201106,20231120,0.00,-,4.01
260,2301,光寶科,光寶科技股份有限公司,235.3129963,19890317,19951117,4.54,15.65,2.74
261,2302,麗正,麗正國際科技股份有限公司,16.6302881,19760123,19850115,1.80,33.17,1.62
262,2303,聯電,聯華電子股份有限公司,1252.9033975,19800522,19850716,5.80,11.72,1.71
263,2305,全友,全友電腦股份有限公司,20.5660827,19801023,19881021,0.00,730.00,2.04
264,2308,台達電,台達電子工業股份有限公司,259.7543329,19750820,19881219,2.00,25.95,3.96
265,2312,金寶,金寶電子工業股份有限公司,150.0731211,19730424,19891107,2.04,28.82,1.01
266,2313,華通,華通電腦股份有限公司,119.1820589,19730830,19900724,1.95,22.00,2.34
267,2314,台揚,台揚科技股份有限公司,25.202832,19830331,19900808,0.00,-,4.14
268,2316,楠梓電,楠梓電子股份有限公司,18.2740536,19780502,19910205,1.11,9.78,0.92
269,2317,鴻海,鴻海精密工業股份有限公司,1386.2990609,19740220,19910618,3.22,16.34,1.55
270,2321,東訊,東訊股份有限公司,3.0271929,19800925,19911108,0.00,-,2.59
271,2323,中環,中環股份有限公司,108.9348328,19781202,19920217,5.23,8.07,0.77
272,2324,仁寶,仁寶電腦工業股份有限公司,440.7146625,19840601,19920218,3.37,20.23,1.30
273,2327,國巨,國巨股份有限公司,42.3540734,19870909,19931022,3.34,15.81,2.05
274,2328,廣宇,廣宇科技股份有限公司,51.8346282,19710519,19931109,3.61,14.90,1.39
275,2329,華泰,華泰電子股份有限公司,73.5488333,19710612,19940420,1.97,20.37,4.05
276,2330,台積電,台灣積體電路製造股份有限公司,2593.5030992,19870221,19940905,1.65,24.31,5.89
277,2331,精英,精英電腦股份有限公司,55.7402968,19870506,19940921,3.38,16.26,1.37
278,2332,友訊,友訊科技股份有限公司,60.2655473,19870620,19941017,3.02,18.84,1.18
279,2337,旺宏,旺宏電子股份有限公司,185.5826441,19891209,19950315,1.86,-,1.04
280,2338,光罩,台灣光罩股份有限公司,25.6446475,19881021,19950417,2.18,40.06,2.87
281,2340,台亞,台亞半導體股份有限公司,43.8622846,19831221,19950502,1.30,54.86,2.02
282,2342,茂矽,台灣茂矽電子股份有限公司,15.7156744,19870108,19950919,6.50,-,2.07
283,2344,華邦電,華邦電子股份有限公司,418.0000193,19870929,19951018,3.93,-,1.15
284,2345,智邦,智邦科技股份有限公司,56.0356397,19880209,19951115,2.18,28.69,10.16
285,2347,聯強,聯強國際股份有限公司,166.7946968,19880912,19951213,3.66,18.74,1.90
286,2348,海悅,海悅國際開發股份有限公司,14.7108117,19870812,19960105,4.35,18.25,4.30
287,2349,錸德,錸德科技股份有限公司,69.3679663,19881229,19960423,0.00,-,0.96
288,2351,順德,順德工業股份有限公司,18.2140249,19671017,19960425,2.30,27.70,3.04
289,2352,佳世達,佳世達科技股份有限公司,196.6781958,19840421,19960722,2.98,26.69,2.14
290,2353,宏碁,宏碁股份有限公司,304.7853828,19760801,19960918,3.37,28.96,1.91
291,2354,鴻準,鴻準精密工業股份有限公司,141.4485192,19900426,19961008,2.42,20.63,0.83
292,2355,敬鵬,敬鵬工業股份有限公司,39.749542,19790926,19961014,3.06,21.30,1.01
293,2356,英業達,英業達股份有限公司,358.7475066,19750609,19961113,2.86,30.64,3.08
294,2357,華碩,華碩電腦股份有限公司,74.276028,19900402,19961114,3.79,20.92,1.39
295,2359,所羅門,所羅門股份有限公司,17.1471052,19900507,19961219,1.84,29.68,3.03
296,2360,致茂,致茂電子股份有限公司,42.5364437,19841108,19961221,2.51,28.01,5.08
297,2362,藍天,藍天電腦股份有限公司,63.2263,19831004,19970402,3.79,23.34,0.60
298,2363,矽統,矽統科技股份有限公司,74.9589356,19870826,19970801,0.52,73.85,2.30
299,2364,倫飛,倫飛電腦實業股份有限公司,3.1000262,19840227,19970811,3.60,23.73,5.70
300,2365,昆盈,昆盈企業股份有限公司,22.1528496,19831103,19971103,1.58,57.42,1.41
301,2367,燿華,燿華電子股份有限公司,66.9407175,19841231,19971213,1.08,-,1.89
302,2368,金像電,金像電子(股)公司,49.1839057,19810905,19980309,1.84,26.28,5.51
303,2369,菱生,菱生精密工業股份有限公司,38.0102344,19730423,19980410,1.37,-,1.50
304,2371,大同,大同股份有限公司,233.9536685,19500411,19620209,0.00,55.49,2.66
305,2373,震旦行,震旦行股份有限公司,23.6202518,19630719,19910801,5.57,15.08,2.23
306,2374,佳能,佳能企業股份有限公司,28.7534312,19650521,19950116,1.12,42.37,1.80
307,2375,凱美,凱美電機股份有限公司,10.8675334,19780911,19980829,1.21,27.13,0.80
308,2376,技嘉,技嘉科技股份有限公司,63.5688886,19860430,19980924,2.29,39.14,4.95
309,2377,微星,微星科技股份有限公司,84.4856199,19860804,19981031,3.33,18.16,2.73
310,2379,瑞昱,瑞昱半導體股份有限公司,51.2863641,19871021,19981026,3.03,28.63,6.21
311,2380,虹光,虹光精密工業股份有限公司,21.6934084,19910424,19981203,0.00,-,1.90
312,2382,廣達,廣達電腦股份有限公司,386.2627432,19880509,19990108,3.44,25.46,5.42
313,2383,台光電,台光電子材料股份有限公司,34.3179334,19920324,19981127,2.35,20.99,5.65
314,2385,群光,群光電子股份有限公司,76.0053172,19830222,19990105,3.72,19.65,4.14
315,2387,精元,精元電腦股份有限公司,19.5251051,19910722,19990125,4.78,9.66,1.29
316,2388,威盛,威盛電子股份有限公司,49.9278191,19920921,19990305,0.12,150.61,4.64
317,2390,云辰,云辰電子開發股份有限公司,19.2619442,19800416,19990615,0.00,-,1.02
318,2392,正崴,正崴精密工業股份有限公司,51.232694,19860714,19990920,4.04,15.71,0.95
319,2393,億光,億光電子工業股份有限公司,44.3393086,19830528,19991104,4.73,20.36,1.62
320,2395,研華,研華股份有限公司,85.7779488,19810907,19991213,2.71,30.51,7.02
321,2397,友通,友通資訊股份有限公司,11.4488857,19810714,20000115,4.46,26.71,2.67
322,2399,映泰,映泰股份有限公司,17.81,19900829,19991216,0.00,-,1.72
323,2401,凌陽,凌陽科技股份有限公司,59.1994919,19900803,20000127,2.07,-,2.01
324,2402,毅嘉,毅嘉科技股份有限公司,30.7536533,19891107,20000114,3.59,21.58,1.62
325,2404,漢唐,漢唐集成股份有限公司,19.0586698,19820913,20000314,5.40,15.67,6.02
326,2405,輔信,輔信科技股份有限公司,34.3427303,19830610,20000317,0.96,442.50,1.66
327,2406,國碩,國碩科技工業股份有限公司,35.0905689,19970326,20000429,0.00,-,1.82
328,2408,南亞科,南亞科技股份有限公司,309.8250894,19950304,20000817,3.18,-,1.24
329,2409,友達,友達光電股份有限公司,769.9396092,19960812,20000908,5.00,-,0.87
330,2412,中華電,中華電信股份有限公司,775.7446545,19960615,20001027,3.82,26.16,2.53
331,2413,環科,環隆科技股份有限公司,12.73592,19840218,20000911,0.82,28.87,1.52
332,2414,精技,精技電腦股份有限公司,16.1735846,19790305,20000911,5.96,15.50,1.96
333,2415,錩新,錩新科技股份有限公司,9.0,19720222,20000911,2.16,-,1.76
334,2417,圓剛,圓剛科技股份有限公司,15.7908864,19900117,20000911,0.40,"3,725.00",1.71
335,2419,仲琦,仲琦科技股份有限公司,32.1317229,19860324,20000911,1.01,-,1.95
336,2420,新巨,新巨企業股份有限公司,15.2648688,19830425,20000911,5.15,16.42,2.43
337,2421,建準,建準電機工業股份有限公司,27.3443669,19801025,20000911,3.07,22.53,4.06
338,2423,固緯,固緯電子實業股份有限公司,14.5047289,19750901,20000911,4.73,15.76,2.46
339,2424,隴華,隴華電子股份有限公司,5.6275,19730124,20000911,0.00,-,5.40
340,2425,承啟,承啟科技股份有限公司,9.6498831,19861117,20000911,2.12,22.41,1.67
341,2426,鼎元,鼎元光電科技股份有限公司,30.0622252,19870404,20000911,1.14,-,1.37
342,2427,三商電,三商電腦股份有限公司,19.6814463,19761209,20000911,3.21,21.88,1.80
343,2428,興勤,興勤電子工業股份有限公司,12.8112726,19790716,20000911,3.25,15.67,2.20
344,2429,銘旺科,銘旺科技股份有限公司,4.37482,19781130,20000911,0.00,-,3.61
345,2430,燦坤,燦坤實業股份有限公司,11.68,19781102,20000911,5.99,19.11,0.99
346,2431,聯昌,聯昌電子企業股份有限公司,11.0927014,19681223,20000911,0.82,-,1.02
347,2432,倚天酷碁-創,倚天酷碁股份有限公司,6.186,19860327,20230531,3.94,21.38,2.03
348,2433,互盛電,互盛股份有限公司,14.4496011,19840830,20000911,5.62,15.75,2.01
349,2434,統懋,統懋半導體股份有限公司,3.7,19870309,20000911,0.00,48.17,2.46
350,2436,偉詮電,偉詮電子股份有限公司,17.8011594,19890705,20000911,1.95,52.20,3.13
351,2438,翔耀,翔耀實業股份有限公司,6.0195641,19820114,20000911,0.00,-,2.49
352,2439,美律,美律實業股份有限公司,21.9316295,19751224,20000911,3.88,16.37,2.16
353,2440,太空梭,太空梭高傳真資訊科技(股)公司,13.9117271,19851016,20001110,0.00,-,1.96
354,2441,超豐,超豐電子股份有限公司,56.8845921,19830307,20001026,4.05,16.24,1.54
355,2442,新美齊,新美齊股份有限公司,25.6078287,19860111,20001122,1.03,19.22,1.88
356,2444,兆勁,兆勁科技股份有限公司,10.1569573,19950612,20001208,0.00,-,1.15
357,2449,京元電子,京元電子股份有限公司,122.2745065,19870528,20010509,3.68,18.20,2.73
358,2450,神腦,神腦國際企業股份有限公司,25.8252657,19790518,20010524,5.10,15.76,1.67
359,2451,創見,創見資訊股份有限公司,42.9061675,19890830,20010503,5.15,20.95,2.16
360,2453,凌群,凌群電腦股份有限公司,10.0,19750717,20010522,4.09,21.12,2.78
361,2454,聯發科,聯發科技股份有限公司,159.9623421,19970528,20010723,5.31,21.40,4.47
362,2455,全新,全新光電科技股份有限公司,18.4905918,19961126,20020124,1.47,43.84,8.48
363,2457,飛宏,飛宏科技股份有限公司,43.1208416,19721212,20010917,0.00,83.28,2.33
364,2458,義隆,義隆電子股份有限公司,30.3880392,19940505,20010917,3.26,20.78,5.05
365,2459,敦吉,敦吉科技股份有限公司,10.5595615,19800807,20010917,5.48,13.37,1.46
366,2460,建通,建通精密工業股份有限公司,16.92,19930716,20010917,0.00,-,2.47
367,2461,光群雷,光群雷射科技股份有限公司,17.0859984,19880429,20010917,2.59,41.80,1.47
368,2462,良得電,台灣良得電子股份有限公司,15.0144074,19780815,20010917,3.51,17.70,1.58
369,2464,盟立,盟立自動化股份有限公司,19.5531226,19890202,20010917,1.07,52.64,2.19
370,2465,麗臺,麗臺科技股份有限公司,8.3946031,19861024,20010919,0.00,-,10.13
371,2466,冠西電,冠西電子企業股份有限公司,17.1458697,19810525,20010917,0.52,203.33,3.33
372,2467,志聖,志聖工業股份有限公司,15.6755348,19780418,20010917,2.31,39.88,6.28
373,2468,華經,華經資訊企業股份有限公司,6.9961249,19770411,20010917,3.02,23.66,1.50
374,2471,資通,資通電腦股份有限公司,4.725389,19801203,20010917,5.61,16.01,3.04
375,2472,立隆電,立隆電子工業股份有限公司,16.4735137,19760212,20010917,3.51,14.23,1.86
376,2474,可成,可成科技股份有限公司,68.0364068,19841123,20010917,4.54,16.39,0.95
377,2476,鉅祥,鉅祥企業股份有限公司,20.5844298,19750201,20010917,3.39,20.85,2.32
378,2477,美隆電,美隆工業股份有限公司,15.8573244,19730115,20010917,2.40,86.67,0.84
379,2478,大毅,大毅科技股份有限公司,14.4731339,19891228,20010917,3.06,19.14,1.09
380,2480,敦陽科,敦陽科技股份有限公司,10.6360291,19930324,20010917,5.19,17.51,4.88
381,2481,強茂,強茂股份有限公司,38.2114927,19860520,20010917,2.14,26.05,1.62
382,2482,連宇,連宇股份有限公司,7.7882711,19831006,20010919,3.41,12.23,1.71
383,2483,百容,百容電子股份有限公司,10.9093807,19811208,20010917,1.23,50.73,1.05
384,2484,希華,希華晶體科技股份有限公司,15.9421022,19880126,20010917,4.65,24.25,1.26
385,2485,兆赫,兆赫電子股份有限公司,31.7689037,19810318,20010917,0.00,-,1.05
386,2486,一詮,一詮精密工業股份有限公司,22.1958579,19770818,20010919,0.79,90.11,4.31
387,2488,漢平,漢平電子工業股份有限公司,7.9999433,19690401,20010917,5.73,10.51,1.52
388,2489,瑞軒,瑞軒科技股份有限公司,74.01,19940811,20010917,3.59,25.08,0.84
389,2491,吉祥全,吉祥全球實業股份有限公司,8.2008,19950414,20010919,0.00,32.11,1.43
390,2492,華新科,華新科技股份有限公司,48.5804299,19700729,20010917,1.85,28.36,1.21
391,2493,揚博,揚博科技股份有限公司,11.443739,19801101,20020123,5.06,16.40,3.77
392,2495,普安,普安科技股份有限公司,27.3551538,19930119,20020325,3.33,23.92,1.37
393,2496,卓越,卓越成功股份有限公司,1.910044,19910615,20020308,6.69,12.77,1.56
394,2497,怡利電,怡利電子工業股份有限公司,12.2798463,19830622,20020204,1.80,29.47,3.13
395,2498,宏達電,宏達國際電子股份有限公司,83.2037986,19970515,20020326,0.00,-,1.56
396,2501,國建,國泰建設股份有限公司,115.9561059,19641201,19671028,2.54,21.04,1.73
397,2504,國產,國產建材實業股份有限公司,118.0,19541130,19780314,4.25,16.48,2.38
398,2505,國揚,國揚實業股份有限公司,38.0,19720602,19791114,1.27,39.25,1.18
399,2506,太設,太平洋建設股份有限公司,38.7,19670614,19800202,2.26,110.83,0.70
400,2509,全坤建,全坤建設開發股份有限公司,22.455053,19730127,19880520,0.00,-,1.49
401,2511,太子,太子建設開發股份有限公司,162.3326147,19730922,19910424,2.63,37.03,0.86
402,2514,龍邦,龍邦國際興業股份有限公司,39.4729278,19880122,19920926,0.00,7.59,0.59
403,2515,中工,中華工程股份有限公司,153.0899822,19500901,19930302,3.02,41.95,1.17
404,2516,新建,新亞建設開發股份有限公司,22.6278457,19671204,19930525,0.00,16.36,1.86
405,2520,冠德,冠德建設股份有限公司,55.41701,19791123,19931027,2.84,14.34,1.72
406,2524,京城,京城建設股份有限公司,36.94196,19850913,19941018,0.00,50.42,1.26
407,2527,宏璟,宏璟建設股份有限公司,27.0306,19861219,19950306,2.84,23.83,1.21
408,2528,皇普,皇普建設股份有限公司,38.3658202,19850117,19950310,0.91,85.78,3.94
409,2530,華建,大華建設股份有限公司,83.9988,19601228,19951012,1.00,88.52,4.34
410,2534,宏盛,宏盛建設股份有限公司,47.422797,19860709,19960212,3.37,26.95,0.95
411,2535,達欣工,達欣工程股份有限公司,27.0793967,19670213,19960311,4.86,13.87,1.88
412,2536,宏普,宏普建設股份有限公司,33.2808652,19881005,19960314,1.25,57.75,1.13
413,2537,聯上發,聯上開發股份有限公司,30.0557795,19870819,19960906,0.00,-,1.35
414,2538,基泰,基泰建設股份有限公司,43.8448764,19791107,19961101,2.76,19.26,1.32
415,2539,櫻花建,櫻花建設股份有限公司,85.7113924,19870502,19970716,2.77,32.42,5.25
416,2540,愛山林,愛山林建設開發股份有限公司,41.660665,19860906,19891226,3.44,41.56,7.00
417,2542,興富發,興富發建設股份有限公司,188.4141591,19800123,19990503,3.12,36.20,1.89
418,2543,皇昌,皇昌營造股份有限公司,23.7483788,19810216,19991015,3.17,26.37,4.44
419,2545,皇翔,皇翔建設股份有限公司,32.7734808,19911206,20000911,3.47,28.58,1.89
420,2546,根基,根基營造股份有限公司,12.0721599,19820413,20000911,3.28,15.61,3.22
421,2547,日勝生,日勝生活科技股份有限公司,88.0094649,19820326,20001222,2.04,-,1.00
422,2548,華固,華固建設股份有限公司,27.6812726,19890406,20020826,4.94,13.28,2.29
423,2597,潤弘,潤弘精密工程事業股份有限公司,18.495,19751103,20100326,5.04,18.12,5.33
424,2601,益航,益航股份有限公司,82.4776067,19631008,19651104,0.00,-,0.73
425,2603,長榮,長榮海運股份有限公司,213.6305331,19680925,19870921,5.54,10.81,0.87
426,2605,新興,新興航運股份有限公司,58.5353297,19680227,19891208,2.95,33.42,0.94
427,2606,裕民,裕民航運股份有限公司,84.5055712,19680829,19901208,4.38,16.91,1.37
428,2607,榮運,長榮國際儲運股份有限公司,106.7141094,19731005,19901214,3.28,13.16,1.13
429,2608,嘉里大榮,嘉里大榮物流股份有限公司,46.7000498,19591221,19901220,6.09,11.76,1.61
430,2609,陽明,陽明海運股份有限公司,349.210427,19721229,19920420,3.95,36.93,0.64
431,2610,華航,中華航空股份有限公司,605.1112967,19590907,19930226,3.22,18.98,1.74
432,2611,志信,志信國際股份有限公司,18.9002272,19731115,19931028,8.07,11.49,1.79
433,2612,中航,中國航運股份有限公司,19.7484593,19780131,19941020,2.20,27.44,0.78
434,2613,中櫃,中國貨櫃運輸股份有限公司,14.8423458,19691127,19950120,2.66,31.76,0.97
435,2614,東森,東森國際股份有限公司,30.024307,19750514,19950923,0.00,-,1.79
436,2615,萬海,萬海航運股份有限公司,280.6146293,19650224,19960516,3.01,-,0.68
437,2616,山隆,山隆通運股份有限公司,13.7281827,19760406,19971108,1.59,56.35,0.75
438,2617,台航,台灣航業股份有限公司,41.7294487,19460701,19980624,6.16,8.02,0.90
439,2618,長榮航,長榮航空股份有限公司,540.0444335,19890407,20010917,4.82,9.34,1.89
440,2630,亞航,亞洲航空股份有限公司,20.9438204,19550119,20180222,1.27,155.00,2.55
441,2633,台灣高鐵,台灣高速鐵路股份有限公司,562.8293058,19980511,20161027,3.34,21.94,2.41
442,2634,漢翔,漢翔航空工業股份有限公司,94.1867101,19960701,20140825,2.54,23.73,3.09
443,2636,台驊投控,台驊國際投資控股股份有限公司,14.339123,19870204,20161222,6.53,9.26,1.58
444,2637,慧洋-KY,慧洋海運股份有限公司,74.6409199,20081021,20101201,4.00,15.68,1.14
445,2642,宅配通,台灣宅配通股份有限公司,9.5467,19990910,20131212,2.12,38.13,1.62
446,2645,長榮航太,長榮航太科技股份有限公司,37.4570962,19971110,20230314,4.07,22.60,3.19
447,2701,萬企,萬華企業股份有限公司,44.9967838,19580226,19650322,2.12,24.91,0.72
448,2702,華園,華園飯店股份有限公司,15.6613249,19590729,19650214,3.47,125.94,0.99
449,2704,國賓,國賓大飯店股份有限公司,36.6923343,19621201,19821110,1.43,52.09,1.30
450,2705,六福,六福開發股份有限公司,19.131283,19680127,19881224,0.00,-,0.84
451,2706,第一店,第一華僑大飯店股份有限公司,49.9998346,19680927,19910625,2.22,26.25,0.80
452,2707,晶華,晶華國際酒店股份有限公司,12.7403238,19760707,19980309,4.71,20.80,8.49
453,2712,遠雄來,遠雄悅來大飯店股份有限公司,10.5,19910115,20131203,1.30,68.94,2.70
454,2722,夏都,夏都國際開發股份有限公司,11.8214338,19950927,20120314,0.80,90.87,3.77
455,2723,美食-KY,開曼美食達人股份有限公司,18.0,20080926,20101122,3.81,21.86,1.50
456,2727,王品,王品餐飲股份有限公司,8.4451109,19931207,20120306,6.09,14.67,4.60
457,2731,雄獅,雄獅旅行社股份有限公司,9.3277739,19770609,20130924,5.19,10.31,3.85
458,2739,寒舍,寒舍餐旅管理顧問股份有限公司,10.1526,20000117,20160519,0.00,15.80,5.75
459,2748,雲品,雲品國際酒店股份有限公司,10.577874,20121122,20161123,2.69,27.72,2.77
460,2753,八方雲集,八方雲集國際股份有限公司,6.6494796,20000119,20210909,4.12,20.41,3.34
461,2762,世界健身-KY,世界健身事業有限公司,11.25,20131121,20240124,5.93,27.86,4.18
462,2801,彰銀,彰化商業銀行股份有限公司,1085.8292963,19500701,19620215,4.68,15.50,1.07
463,2809,京城銀,京城商業銀行股份有限公司,111.1234265,19510711,19830720,5.17,8.72,1.23
464,2812,台中銀,台中商業銀行股份有限公司,522.6095343,19530826,19840515,5.32,13.78,1.23
465,2816,旺旺保,旺旺友聯產物保險股份有限公司,22.3608,19630219,19920505,0.00,6.59,1.30
466,2820,華票,中華票券金融股份有限公司,134.296,19781201,19941026,4.72,16.09,0.83
467,2832,台產,台灣產物保險股份有限公司,36.22004,19480312,19970930,4.38,11.00,0.96
468,2834,臺企銀,臺灣中小企業銀行股份有限公司,822.2406166,19500923,19980103,7.83,13.37,1.18
469,2836,高雄銀,高雄銀行股份有限公司,127.4298224,19820113,19980518,5.06,17.43,0.81
470,2838,聯邦銀,聯邦商業銀行股份有限公司,397.8952502,19911231,19980629,5.73,14.40,0.91
471,2845,遠東銀,遠東國際商業銀行股份有限公司,406.9483855,19920111,19981127,6.41,15.29,1.09
472,2849,安泰銀,安泰商業銀行股份有限公司,195.7609349,19920603,19990927,2.81,25.45,0.83
473,2850,新產,新光產物保險股份有限公司,31.59633,19630426,20000522,5.10,10.62,1.77
474,2851,中再保,中央再保險股份有限公司,80.038875,19680612,20000706,4.85,11.05,1.21
475,2852,第一保,第一產物保險股份有限公司,30.1163784,19620904,20001128,4.53,9.21,0.89
476,2855,統一證,統一綜合證券股份有限公司,145.5831343,19881217,20020916,4.61,14.47,1.30
477,2867,三商壽,三商美邦人壽保險股份有限公司,509.9501044,19930612,20121218,0.00,-,0.74
478,2880,華南金,華南金融控股股份有限公司,1364.2745898,20011219,20011219,5.11,16.11,1.67
479,2881,富邦金,富邦金融控股股份有限公司,1461.4963243,20011219,20011219,3.57,15.49,1.27
480,2882,國泰金,國泰金融控股股份有限公司,1620.2510128,20011231,20011231,1.77,16.21,1.05
481,2883,開發金,中華開發金融控股股份有限公司,1841.4323005,20011228,20011228,3.61,13.45,0.97
482,2884,玉山金,玉山金融控股股份有限公司,1566.4,20020128,20020128,4.98,20.22,1.86
483,2885,元大金,元大金融控股股份有限公司,1268.9082377,20020204,20020204,4.13,15.07,1.39
484,2886,兆豐金,兆豐金融控股股份有限公司,1440.1338138,20020204,20020204,4.37,17.44,1.73
485,2887,台新金,台新金融控股股份有限公司,1357.7061838,20020218,20020218,4.95,17.41,1.18
486,2888,新光金,新光金融控股股份有限公司,1578.4629042,20020219,20020219,0.00,-,0.58
487,2889,國票金,國票金融控股股份有限公司,344.7383983,20020326,20020326,6.32,26.72,1.27
488,2890,永豐金,永豐金融控股股份有限公司,1238.6439941,20020509,20020509,4.40,14.22,1.49
489,2891,中信金,中國信託金融控股股份有限公司,2012.1998672,20020517,20020517,4.99,12.94,1.64
490,2892,第一金,第一金融控股股份有限公司,1362.0145537,20030102,20030102,4.12,16.91,1.53
491,2897,王道銀行,王道商業銀行股份有限公司,303.3006301,19990727,20170505,4.43,12.23,0.76
492,2901,欣欣,欣欣大眾市場股份有限公司,7.3043283,19710415,19760507,1.26,69.76,2.37
493,2903,遠百,遠東百貨股份有限公司,141.6940589,19670831,19781011,4.65,17.64,1.55
494,2904,匯僑,匯僑股份有限公司,7.7834432,19781011,19830105,3.28,21.79,1.18
495,2905,三商,三商投資控股股份有限公司,112.2495703,19650219,19880919,1.37,-,0.92
496,2906,高林,高林實業股份有限公司,20.9111093,19690505,19891226,2.75,38.33,1.39
497,2908,特力,特力股份有限公司,50.9887558,19780810,19930218,2.87,40.19,1.58
498,2910,統領,統領百貨股份有限公司,17.5403,19820818,19961230,1.26,23.12,1.83
499,2911,麗嬰房,麗嬰房股份有限公司,14.0167998,19730618,19970118,0.00,-,1.13
500,2912,統一超,統一超商股份有限公司,103.9622255,19870610,19970822,3.28,26.52,6.78
501,2913,農林,台灣農林股份有限公司,79.0,19500615,19620209,0.00,-,1.39
502,2915,潤泰全,潤泰全球股份有限公司,110.4318772,19760114,19770720,3.92,9.07,0.71
503,2923,鼎固-KY,鼎固控股有限公司,174.0296982,20071205,20121207,0.72,86.25,0.98
504,2929,淘帝-KY,淘帝國際控股有限公司,10.9493838,20121003,20131230,0.00,-,0.37
505,2939,凱羿-KY,凱羿國際集團股份有限公司,4.5548665,20150528,20180111,0.00,-,1.35
506,2945,三商家購,三商家購股份有限公司,6.75,20130207,20211130,2.66,30.07,1.65
507,3002,歐格,歐格電子股份有限公司,10.2,19830801,20020123,2.20,132.27,1.17
508,3003,健和興,健和興端子股份有限公司,15.565489,19780210,20020219,1.96,21.95,1.91
509,3004,豐達科,豐達科技股份有限公司(原宏達),5.4006155,19971014,20020225,2.29,17.11,2.51
510,3005,神基,神基投資控股股份有限公司,60.98579,19891005,20020225,4.78,17.02,2.97
511,3006,晶豪科,晶豪科技股份有限公司,28.6172238,19980602,20020304,0.65,-,2.59
512,3008,大立光,大立光電股份有限公司,13.3468197,19870417,20020311,3.00,16.77,1.81
513,3010,華立,華立企業股份有限公司,23.6239248,19681001,20020722,3.95,14.69,1.67
514,3011,今皓,今皓實業股份有限公司,11.2719251,19830111,20020722,0.00,-,3.83
515,3013,晟銘電,晟銘電子科技股份有限公司,19.5935018,19760617,20020916,0.49,63.18,4.90
516,3014,聯陽,聯陽半導體股份有限公司,16.1080124,19960529,20021029,4.82,16.84,4.16
517,3015,全漢,全漢企業股份有限公司,18.726195,19930415,20021016,5.16,18.45,0.82
518,3016,嘉晶,嘉晶電子股份有限公司,28.8541819,19981109,20021224,0.83,105.96,3.56
519,3017,奇鋐,奇鋐科技股份有限公司,38.3310157,19911217,20020927,1.06,47.83,11.52
520,3018,隆銘綠能,隆銘綠能科技工程股份有限公司,5.1373566,19960105,20020826,0.00,-,4.84
521,3019,亞光,亞洲光學股份有限公司,27.9243901,19801009,20020826,2.80,23.17,1.43
522,3021,鴻名,鴻名企業股份有限公司,9.589,19930525,20020826,1.29,17.31,1.45
523,3022,威強電,威強電工業電腦股份有限公司,17.659779,19970417,20020826,4.42,10.10,1.38
524,3023,信邦,信邦電子股份有限公司,24.0033159,19891206,20020826,3.34,20.86,4.62
525,3024,憶聲,憶聲電子股份有限公司,27.7157496,19760721,20020826,0.48,53.08,2.04
526,3025,星通,星通資訊股份有限公司,5.673644,19911203,20020826,4.66,19.52,4.62
527,3026,禾伸堂,禾伸堂企業股份有限公司,16.5890318,19810601,20020826,5.10,19.10,1.65
528,3027,盛達,盛達電業股份有限公司,11.5463811,19730326,20020826,0.84,70.89,2.31
529,3028,增你強,增你強股份有限公司,23.2692011,19821006,20020826,5.44,18.38,1.45
530,3029,零壹,零壹科技股份有限公司,15.4368712,19800627,20020826,5.31,16.83,2.81
531,3030,德律,德律科技股份有限公司,23.6216,19890410,20021029,2.97,26.18,3.65
532,3031,佰鴻,佰鴻工業股份有限公司,17.3203224,19810601,20020826,3.98,19.14,1.18
533,3032,偉訓,偉訓科技股份有限公司,11.3285626,19790216,20020826,4.55,14.24,2.89
534,3033,威健,威健實業股份有限公司,42.8071495,19770120,20020826,5.17,21.36,1.92
535,3034,聯詠,聯詠科技股份有限公司,60.8511469,19970528,20020826,5.04,16.47,5.36
536,3035,智原,智原科技股份有限公司,26.0550313,19930610,20020826,1.58,54.29,5.46
537,3036,文曄,文曄科技股份有限公司,115.7941651,19931223,20020826,1.19,40.59,2.29
538,3037,欣興,欣興電子股份有限公司,152.5107197,19900125,20020826,1.63,27.18,2.96
539,3038,全台,全台晶像股份有限公司,15.7407603,19940923,20020826,5.00,11.39,1.84
540,3040,遠見,遠見科技股份有限公司,6.3,19860515,20020826,3.21,30.54,1.30
541,3041,揚智,揚智科技股份有限公司,19.4545746,19930610,20020826,0.00,-,2.76
542,3042,晶技,台灣晶技股份有限公司,30.975704,19831228,20020826,4.02,20.25,2.92
543,3043,科風,科風股份有限公司,3.8975634,19870424,20020826,0.00,-,2.78
544,3044,健鼎,健鼎科技股份有限公司,52.5605898,19911216,20020826,3.70,17.48,2.43
545,3045,台灣大,台灣大哥大股份有限公司,372.3261811,19970225,20020826,4.10,25.86,3.74
546,3046,建碁,建碁股份有限公司,7.8448013,19961221,20020826,3.24,20.88,3.44
547,3047,訊舟,訊舟科技股份有限公司,21.7389717,19860628,20020826,6.81,-,1.25
548,3048,益登,益登科技股份有限公司,26.9829794,19960711,20021001,8.46,"1,182.50",1.29
549,3049,精金,精金科技股份有限公司,80.2010529,19990918,20020927,0.00,-,0.77
550,3050,鈺德,鈺德科技股份有限公司,15.498445,19940519,20021029,2.27,44.10,1.35
551,3051,力特,力特光電科技股份有限公司,17.0,19980303,20021028,2.77,35.05,2.48
552,3052,夆典,夆典科技開發股份有限公司,23.0672325,19760809,19951125,4.40,13.38,0.84
553,3054,立萬利,立萬利創新股份有限公司,8.3411041,19910614,20021118,0.00,-,2.19
554,3055,蔚華科,蔚華科技股份有限公司,11.4974918,19871211,20021212,1.26,-,3.59
555,3056,富華新,富華創新股份有限公司,34.2275678,19971110,20030303,2.25,40.06,1.79
556,3057,喬鼎,喬鼎資訊股份有限公司,9.2678668,19910227,20021218,0.00,-,1.48
557,3058,立德,立德電子股份有限公司,20.2362779,19700304,20021209,0.00,76.30,2.15
558,3059,華晶科,華晶科技股份有限公司,27.8800025,19961224,20021224,1.85,29.08,1.17
559,3060,銘異,銘異科技股份有限公司,13.756319,19791003,20030421,0.92,-,1.48
560,3062,建漢,建漢科技股份有限公司,33.0235418,19980610,20030728,0.00,-,1.55
561,3090,日電貿,日電貿股份有限公司,21.265715,19930104,20071231,5.19,19.73,2.23
562,3092,鴻碩,鴻碩精密電工股份有限公司,10.655203,19911212,20210513,2.44,-,1.64
563,3094,聯傑,聯傑國際股份有限公司,8.3117089,19960816,20070806,1.96,50.90,2.48
564,3130,一零四,一零四資訊科技股份有限公司,3.31907,19931030,20060217,5.74,17.43,4.74
565,3138,耀登,耀登科技股份有限公司,5.0293363,19900210,20201211,2.00,29.48,3.66
566,3149,正達,正達國際光電股份有限公司,14.4605604,19960627,20111123,0.00,-,2.49
567,3164,景岳,景岳生物科技股份有限公司,8.6511364,20001206,20100322,2.19,60.00,1.50
568,3167,大量,大量科技股份有限公司,8.250014,19801226,20131021,0.79,396.88,2.48
569,3168,眾福科,眾福科技股份有限公司,7.8099649,19971122,20240326,6.28,17.84,2.81
570,3189,景碩,景碩科技股份有限公司,45.442306,20000911,20041101,1.05,677.14,1.37
571,3209,全科,全科科技股份有限公司,23.2264305,19910415,20081126,5.95,13.74,1.71
572,3229,晟鈦,晟鈦股份有限公司,6.4263,19870728,20091231,0.00,-,1.59
573,3231,緯創,緯創資通股份有限公司,289.698005,20010530,20030819,2.28,28.50,3.14
574,3257,虹冠電,虹冠電子工業股份有限公司,7.998659,19981230,20110321,4.74,20.29,3.05
575,3266,昇陽,昇陽建設企業股份有限公司,35.2314309,19930317,20141224,2.90,13.35,1.52
576,3296,勝德,勝德國際研發股份有限公司,9.672445,20001114,20071231,0.00,-,2.16
577,3305,昇貿,昇貿科技股份有限公司,13.4237474,19780424,20080710,3.06,37.53,1.83
578,3308,聯德,聯德電子股份有限公司,6.0,19880202,20080312,0.00,4.41,1.66
579,3311,閎暉,閎暉實業股份有限公司,6.8,20011026,20040308,3.06,21.69,0.99
580,3312,弘憶股,弘憶國際股份有限公司,16.2625455,19951006,20101229,4.10,24.65,3.00
581,3321,同泰,同泰電子科技股份有限公司,9.7159793,19901119,20151215,0.00,-,2.79
582,3338,泰碩,泰碩電子股份有限公司,8.7908141,19940923,20131213,2.75,22.40,3.20
583,3346,麗清,麗清科技股份有限公司,11.4849694,19990827,20161219,3.55,15.40,1.46
584,3356,奇偶,奇偶科技股份有限公司,8.9822103,19980203,20050328,5.03,18.00,2.56
585,3376,新日興,新日興股份有限公司,18.7748346,19680628,20071231,3.50,39.88,2.07
586,3380,明泰,明泰科技股份有限公司,54.171846,20030904,20041220,3.08,40.43,1.82
587,3406,玉晶光,玉晶光電股份有限公司,11.2743063,19900208,20051220,2.61,16.84,2.45
588,3413,京鼎,京鼎精密科技股份有限公司,9.7439289,20010426,20150728,4.03,14.56,2.50
589,3416,融程電,融程電訊股份有限公司,7.8321941,19960123,20150123,3.50,22.95,3.79
590,3419,譁裕,譁裕實業股份有限公司,12.0480417,19811118,20080121,1.20,-,1.53
591,3432,台端,台端興業股份有限公司,4.223,19880524,20101230,0.00,-,2.83
592,3437,榮創,榮創能源科技股份有限公司,14.4548,19991002,20140709,0.00,-,1.56
593,3443,創意,創意電子股份有限公司,13.4011911,19980122,20061103,1.04,55.90,17.46
594,3447,展達,展達通訊股份有限公司,7.705362,19971017,20221215,7.49,-,2.21
595,3450,聯鈞,聯鈞光電股份有限公司,14.5681382,20000927,20060412,0.79,-,2.43
596,3454,晶睿,晶睿通訊股份有限公司,8.6567893,20000208,20110722,2.86,32.05,3.23
597,3481,群創,群創光電股份有限公司,907.8633338,20030114,20061024,0.00,-,0.54
598,3494,誠研,誠研科技股份有限公司,14.4,20010209,20071213,0.00,-,1.62
599,3501,維熹,維熹科技股份有限公司,11.8257927,20020903,20070920,4.74,14.76,1.14
600,3504,揚明光,揚明光學股份有限公司,11.4059785,20020218,20070126,0.00,-,2.25
601,3515,華擎,華擎科技股份有限公司,12.1635729,20020510,20071108,3.18,23.95,3.40
602,3518,柏騰,柏騰科技股份有限公司,8.404223,19951020,20071128,1.81,-,1.89
603,3528,安馳,安馳科技股份有限公司,6.6625966,20001226,20160518,3.04,29.91,1.82
604,3530,晶相光,晶相光電股份有限公司,7.84559,20040524,20180716,0.00,-,3.05
605,3532,台勝科,台塑勝高科技股份有限公司,38.78483,19951121,20071210,2.91,19.28,2.62
606,3533,嘉澤,嘉澤端子工業股份有限公司,11.1472118,19860823,20071210,1.76,29.36,5.91
607,3535,晶彩科,晶彩科技股份有限公司,7.9052356,20000310,20080131,4.34,-,1.67
608,3543,州巧,州巧科技股份有限公司,8.926315,20000609,20200415,4.13,27.50,0.78
609,3545,敦泰,敦泰電子股份有限公司,21.9487049,20060103,20070703,1.15,51.92,2.02
610,3550,聯穎,聯穎科技股份有限公司,8.755,19870430,20101110,3.37,-,0.88
611,3557,嘉威,嘉威生活股份有限公司,8.0300415,20050421,20080227,3.99,15.63,2.56
612,3563,牧德,牧德科技股份有限公司,5.8146234,19980609,20190402,1.65,82.55,5.16
613,3576,聯合再生,聯合再生能源股份有限公司,162.7795375,20050826,20090112,0.85,-,1.50
614,3583,辛耘,辛耘企業股份有限公司,8.0328,19791017,20130312,1.15,43.02,7.02
615,3588,通嘉,通嘉科技股份有限公司,5.8900343,20020918,20090814,0.69,177.96,3.13
616,3591,艾笛森,艾笛森光電股份有限公司,14.3609435,20011004,20101112,2.05,55.45,1.18
617,3592,瑞鼎,瑞鼎科技股份有限公司,7.5855226,20031023,20220107,3.44,23.21,2.99
618,3593,力銘,力銘科技股份有限公司,9.3042416,20031222,20090316,0.00,-,2.25
619,3596,智易,智易科技股份有限公司,22.0354321,20030509,20090311,4.07,14.88,2.71
620,3605,宏致,宏致電子股份有限公司,13.4417709,19961107,20090326,1.40,-,1.01
621,3607,谷崧,谷崧精密工業股份有限公司,12.1662239,19890614,20091028,4.15,-,1.12
622,3617,碩天,碩天科技股份有限公司,9.1008759,19970627,20091223,2.81,17.55,3.55
623,3622,洋華,洋華光電股份有限公司,15.13276,20020730,20090325,3.53,15.12,1.31
624,3645,達邁,達邁科技股份有限公司,13.2205294,20000622,20111005,0.68,-,2.07
625,3652,精聯,精聯電子股份有限公司,7.50975,20080115,20220921,1.18,54.72,1.23
626,3653,健策,健策精密工業股份有限公司,14.081683,19870328,20091118,1.11,55.21,11.05
627,3661,世芯-KY,世芯電子股份有限公司,7.8365731,20030227,20141028,0.80,63.37,11.70
628,3665,貿聯-KY,貿聯控股(BizLink Holding Inc.),16.3429591,20000601,20110421,3.96,16.00,1.51
629,3669,圓展,圓展科技股份有限公司,9.291995,20080107,20110825,2.78,17.94,1.39
630,3673,TPK-KY,"TPK Holding Co., Ltd.",40.6663759,20051121,20101029,1.32,74.12,0.42
631,3679,新至陞,新至陞科技股份有限公司,6.3040229,19800627,20111005,5.14,12.41,1.91
632,3686,達能,達能科技股份有限公司,7.6495118,20071109,20100720,0.00,-,2.01
633,3694,海華,海華科技股份有限公司,15.2568808,20050413,20110503,2.26,20.23,2.29
634,3701,大眾控,大眾全球投資控股股份有限公司,23.4675841,20040830,20040830,1.24,39.65,3.11
635,3702,大聯大,大聯大控股股份有限公司,187.9056833,20051109,20051109,3.81,21.25,2.06
636,3703,欣陸,欣陸投資控股股份有限公司,82.321598,20100408,20100408,3.88,18.49,1.16
637,3704,合勤控,合勤投資控股股份有限公司,40.948947,20100816,20100816,3.69,12.16,1.50
638,3705,永信,永信國際投資控股股份有限公司,26.6422983,20110103,20110103,4.61,16.05,1.81
639,3706,神達,神達投資控股股份有限公司,120.6556789,20130912,20130912,3.01,29.19,0.85
640,3708,上緯投控,上緯國際投資控股股份有限公司,9.8542261,20160831,20160831,3.16,12.31,2.10
641,3711,日月光投控,日月光投資控股股份有限公司,439.2550237,20180430,20180430,3.51,20.11,2.14
642,3712,永崴投控,永崴投資控股股份有限公司,24.6242146,20181001,20181001,4.67,18.55,1.24
643,3714,富采,富采投資控股股份有限公司,75.294046,20210106,20210106,2.08,-,0.70
644,3715,定穎投控,定穎投資控股股份有限公司,27.7674584,20220825,20220825,2.33,17.84,2.65
645,4104,佳醫,佳醫健康事業股份有限公司,15.561674,19880315,20071231,4.65,19.25,1.67
646,4106,雃博,雃博股份有限公司,10.0911557,19900317,20041108,2.86,18.51,1.21
647,4108,懷特,懷特生技新藥股份有限公司,19.8618879,19981124,20080716,0.00,-,2.06
648,4119,旭富,旭富製藥科技股份有限公司,11.9508634,19870918,20040107,1.41,35.83,2.07
649,4133,亞諾法,亞諾法生技股份有限公司,6.0553594,20020104,20091228,2.25,44.38,1.50
650,4137,麗豐-KY,麗豐股份有限公司,7.949235,20120703,20131127,5.93,13.62,2.73
651,4142,國光生,國光生物科技股份有限公司,42.950775,19651222,20120503,0.00,-,2.17
652,4148,全宇生技-KY,全宇生技控股有限公司,6.4034001,20100326,20170608,1.95,23.53,1.46
653,4155,訊映,訊映光電股份有限公司,14.5769822,20040927,20171205,1.17,"1,280.00",1.56
654,4164,承業醫,承業生醫投資控股股份有限公司,16.6755598,20091127,20121024,3.77,26.00,1.44
655,4190,佐登-KY,佐登妮絲集團股份有限公司,6.0949717,20100621,20151021,1.90,-,1.55
656,4306,炎洲,炎洲股份有限公司,66.4932372,19780307,20080121,4.94,15.82,1.05
657,4414,如興,如興股份有限公司,88.2114949,19771123,20040906,0.00,-,0.84
658,4426,利勤,利勤實業股份有限公司,17.2677198,19970926,20111216,0.00,-,1.13
659,4438,廣越,廣越企業股份有限公司,10.3425455,19951030,20161018,4.68,15.63,1.46
660,4439,冠星-KY,冠星集團控股有限公司,3.82938,20130521,20191205,3.67,10.23,1.32
661,4440,宜新實業,宜新實業股份有限公司,6.7598,20130621,20211025,3.91,38.13,1.32
662,4526,東台,東台精機股份有限公司,25.4826461,19690109,20030915,0.88,113.00,1.13
663,4532,瑞智,瑞智精密股份有限公司,50.4915105,19891219,20030804,3.70,18.03,1.40
664,4536,拓凱,拓凱實業股份有限公司,9.082,19800711,20131009,4.39,12.42,2.19
665,4540,全球傳動,全球傳動科技股份有限公司,9.5158828,20100709,20180815,4.49,-,0.96
666,4545,銘鈺,銘鈺精密工業股份有限公司,7.7,20010118,20160106,3.15,29.35,1.31
667,4551,智伸科,智伸科技股份有限公司,11.5222498,19870218,20150810,2.53,22.13,1.44
668,4552,力達-KY,力達控股有限公司,11.6,20120511,20160720,3.57,8.90,0.60
669,4555,氣立,台灣氣立股份有限公司,6.9314985,19861119,20151027,0.78,-,1.60
670,4557,永新-KY,永新控股股份有限公司,4.197184,20110214,20151012,4.92,13.53,2.54
671,4560,強信-KY,強信機械科技股份有限公司,6.809724,20141031,20170526,2.67,35.38,1.48
672,4562,穎漢,穎漢科技股份有限公司,8.7546,20080124,20170821,0.00,-,1.65
673,4564,元翎,元翎精密工業股份有限公司,20.2788303,19880711,20190307,0.88,-,1.06
674,4566,時碩工業,時碩工業股份有限公司,9.10414,20081107,20180205,2.86,17.34,1.16
675,4569,六方科-KY,六方科技股份有限公司,3.1,20200120,20230731,4.76,31.02,1.12
676,4571,鈞興-KY,鈞興機電國際股份有限公司,5.3109005,20140430,20190917,3.27,18.36,1.92
677,4572,駐龍,駐龍精密機械股份有限公司,3.9,19900808,20190910,3.19,25.20,3.23
678,4576,大銀微系統,大銀微系統股份有限公司,11.9801848,19970401,20190904,0.14,"1,847.50",2.34
679,4581,光隆精密-KY,World Known MFG(Cayman)Limited,3.3899,20151119,20200309,5.55,10.82,2.07
680,4583,台灣精銳,台灣精銳科技股份有限公司,8.0171351,19991026,20220509,3.77,20.31,2.25
681,4588,玖鼎電力,玖鼎電力資訊股份有限公司,4.2857,20050615,20240129,2.71,27.42,6.81
682,4720,德淵,德淵企業股份有限公司,10.3756261,19760628,20150624,3.21,23.18,1.31
683,4722,國精化,國精化學股份有限公司,10.0009159,19781125,20120815,2.49,24.04,1.39
684,4736,泰博,泰博科技股份有限公司,9.5374469,19980511,20231222,6.33,14.81,1.69
685,4737,華廣,華廣生技股份有限公司,6.0942394,20030414,20101223,2.88,695.00,2.13
686,4739,康普,康普材料科技股份有限公司,11.9029269,19920616,20170908,1.27,-,1.36
687,4746,台耀,台耀化學股份有限公司,12.0255963,19951229,20110301,2.06,92.57,1.54
688,4755,三福化,三福化工股份有限公司,10.0706,20030317,20131127,2.45,32.43,3.26
689,4763,材料-KY,濟南大自然新材料股份有限公司,8.6286058,20140925,20151109,1.51,12.48,6.33
690,4764,雙鍵,雙鍵化工股份有限公司,8.5542062,19940217,20180104,1.45,-,1.36
691,4766,南寶,南寶樹脂化學工廠股份有限公司,12.057078,19631002,20181128,4.12,18.07,3.33
692,4770,上品,上品綜合工業股份有限公司,7.9976,19811019,20211222,2.90,19.62,4.44
693,4771,望隼,望隼科技股份有限公司,5.75117,20120510,20240318,1.12,29.66,9.33
694,4807,日成-KY,日成控股股份有限公司,3.8396032,20141006,20170626,2.53,-,0.89
695,4904,遠傳,遠傳電信股份有限公司,360.5705357,19970411,20050824,3.92,26.77,3.33
696,4906,正文,正文科技股份有限公司,40.5605727,19880629,20030630,4.47,22.37,1.06
697,4912,聯德控股-KY,聯德控股股份有限公司,6.2192775,20090929,20150521,1.27,31.34,2.39
698,4915,致伸,致伸科技股份有限公司,46.2931824,20060320,20121005,4.16,17.91,2.62
699,4916,事欣科,事欣科技股份有限公司,9.8378905,20011227,20131121,1.24,39.45,1.59
700,4919,新唐,新唐科技股份有限公司,41.9765268,20080409,20100927,2.43,24.03,3.27
701,4927,泰鼎-KY,泰鼎國際股份有限公司,18.9937988,20091028,20150908,4.71,-,1.17
702,4930,燦星網,燦星網通股份有限公司,8.0,20091111,20100621,6.64,9.60,0.86
703,4934,太極,太極能源科技股份有限公司,22.5,20070514,20110816,0.00,-,2.38
704,4935,茂林-KY,茂林光電科技(開曼)股份有限公司,12.8864091,20000728,20110728,2.31,25.29,1.04
705,4938,和碩,和碩聯合科技股份有限公司,266.4224103,20070627,20100624,4.02,16.88,1.41
706,4942,嘉彰,嘉彰股份有限公司,14.2367613,19850909,20110627,4.99,10.67,0.77
707,4943,康控-KY,開曼康而富控股股份有限公司,11.5782353,20090901,20161111,0.00,-,12.35
708,4952,凌通,凌通科技股份有限公司,10.8815816,20040330,20111101,2.56,32.99,2.61
709,4956,光鋐,光鋐科技股份有限公司,10.0408236,20060612,20111024,0.00,-,1.24
710,4958,臻鼎-KY,臻鼎科技控股股份有限公司,94.7049161,20060605,20111226,2.82,17.79,1.15
711,4960,誠美材,誠美材料科技股份有限公司,57.2184906,20050517,20111024,2.28,-,0.82
712,4961,天鈺,天鈺科技股份有限公司,12.1254453,19950704,20181017,3.88,15.71,1.88
713,4967,十銓,十銓科技股份有限公司,7.1548687,19970409,20190114,1.92,12.97,2.79
714,4968,立積,立積電子股份有限公司,9.0455344,20040107,20151113,0.00,-,7.34
715,4976,佳凌,佳凌科技股份有限公司,14.069,20021226,20121120,0.00,-,2.37
716,4977,眾達-KY,眾達科技股份有限公司,8.0189841,20071016,20131120,3.06,16.89,1.49
717,4989,榮科,李長榮科技股份有限公司,13.77765,19970116,20180628,1.89,-,1.65
718,4994,傳奇,傳奇網路遊戲股份有限公司,6.63834,20020109,20131225,3.10,34.49,6.55
719,4999,鑫禾,鑫禾科技股份有限公司,7.44172,20020118,20130603,2.97,673.00,0.73
720,5007,三星,三星科技股份有限公司,29.4940154,19650702,20110916,5.22,17.01,2.43
721,5203,訊連,訊連科技股份有限公司,7.89418,19900808,20040927,3.12,26.54,1.52
722,5215,科嘉-KY,科嘉(開曼)股份有限公司,6.43375,20090817,20111226,2.99,18.22,0.97
723,5222,全訊,全訊科技股份有限公司,7.456366,19980617,20211025,2.39,28.63,5.54
724,5225,東科-KY,東科控股股份有限公司,7.5207133,20110201,20121105,5.50,15.95,2.99
725,5234,達興材料,達興材料股份有限公司,10.2715911,20060712,20120716,2.76,29.12,4.87
726,5243,乙盛-KY,乙盛精密工業股份有限公司,16.8528915,20080617,20131125,2.85,15.83,1.28
727,5244,弘凱,弘凱光電股份有限公司,6.794408,20050824,20220119,2.79,17.90,1.76
728,5258,虹堡,虹堡科技股份有限公司,10.4843795,19930420,20161230,1.35,14.58,3.55
729,5269,祥碩,祥碩科技股份有限公司,6.9363518,20040324,20121212,1.05,59.31,6.75
730,5283,禾聯碩,禾聯碩股份有限公司,7.3000425,20020506,20190524,6.93,14.85,2.01
731,5284,jpp-KY,經寶精密控股股份有限公司,4.792886,20120517,20170309,3.37,17.83,3.03
732,5285,界霖,界霖科技股份有限公司,10.2040926,20001018,20140225,2.99,38.17,2.38
733,5288,豐祥-KY,開曼商豐祥控股股份有限公司,6.6682393,20110718,20140925,4.02,12.26,2.61
734,5292,華懋,華懋科技股份有限公司,3.48,19890921,20231121,3.86,16.25,3.41
735,5306,桂盟,桂盟國際股份有限公司,12.60000772,19890420,20220308,2.51,23.85,2.32
736,5388,中磊,中磊電子股份有限公司,29.592528,19920729,20071203,4.12,14.14,2.55
737,5434,崇越,崇越科技股份有限公司,18.8699567,19900217,20030825,3.98,16.50,3.32
738,5469,瀚宇博,瀚宇博德股份有限公司,52.8441352,19890322,20030825,2.94,10.75,0.94
739,5471,松翰,松翰科技股份有限公司,16.7877062,19960713,20030825,4.90,45.95,2.40
740,5484,慧友,慧友電子股份有限公司,6.6801,19950718,20030825,0.00,-,3.00
741,5515,建國,建國工程股份有限公司,25.2000105,19601121,20031006,3.98,18.77,1.31
742,5519,隆大,隆大營建事業股份有限公司,21.919718,19820430,20140210,4.07,14.66,2.19
743,5521,工信,工信工程股份有限公司,49.2280155,19470201,20121218,0.00,103.57,1.32
744,5522,遠雄,遠雄建設事業股份有限公司,78.1596241,19780809,20070806,3.92,18.74,1.53
745,5525,順天,順天建設股份有限公司,28.0466742,19871128,20041126,4.41,16.34,2.17
746,5531,鄉林,鄉林建設事業股份有限公司,107.7589245,19900529,20050131,0.00,-,1.34
747,5533,皇鼎,皇鼎建設開發股份有限公司,28.5244944,19910420,20080430,4.29,8.97,0.83
748,5534,長虹,長虹建設股份有限公司,29.032596,19751204,20040524,3.99,21.84,2.01
749,5538,東明-KY,開曼東明控股股份有限公司,20.1203333,20091130,20131216,3.28,45.52,0.94
750,5546,永固-KY,永固集團股份有限公司,8.2353402,20160527,20200520,5.97,-,1.21
751,5607,遠雄港,遠雄自貿港投資控股股份有限公司,33.637701,19910624,20041202,2.93,21.89,1.95
752,5608,四維航,四維航業股份有限公司,38.9271614,19850311,20030825,7.73,-,0.80
753,5706,鳳凰,鳳凰國際旅行社股份有限公司,7.3766948,19570430,20111021,3.87,31.76,3.99
754,5871,中租-KY,中租控股股份有限公司,176.4572436,20091224,20111213,3.87,12.19,1.98
755,5876,上海商銀,上海商業儲蓄銀行股份有限公司,486.160314,19540909,20181019,3.84,15.43,1.18
756,5880,合庫金,合作金庫金融控股股份有限公司,1470.9382218,20111201,20111201,3.75,22.82,1.64
757,5906,台南-KY,台南生活(開曼)股份有限公司,3.3372,19990208,20111024,3.31,18.85,3.12
758,5907,大洋-KY,Grand Ocean RetailGroupLimited,19.5531,20060823,20120606,0.00,-,0.37
759,6005,群益證,群益金鼎證券股份有限公司,217.0908097,19880621,20051121,4.94,14.18,1.45
760,6024,群益期,群益期貨股份有限公司,21.0437584,19970226,20171016,5.76,12.44,1.75
761,6108,競國,競國實業股份有限公司,15.9899311,19811208,20081230,2.46,59.71,0.91
762,6112,邁達特,邁達特數位股份有限公司,18.8357336,19980416,20030804,4.70,19.57,2.63
763,6115,鎰勝,鎰勝工業股份有限公司,18.7662154,19861125,20040719,5.39,19.75,2.06
764,6116,彩晶,瀚宇彩晶股份有限公司,294.0328851,19980618,20040906,0.00,-,0.72
765,6117,迎廣,迎廣科技股份有限公司,8.865,19851211,20030825,0.00,80.88,6.02
766,6120,達運,達運精密工業股份有限公司,66.5555114,19891013,20060913,0.96,91.76,1.13
767,6128,上福,上福全球科技股份有限公司,12.758874,19780712,20030616,6.53,11.26,1.18
768,6133,金橋,金橋科技股份有限公司,11.7006294,19761126,20030815,3.68,151.11,1.43
769,6136,富爾特,富爾特科技股份有限公司,11.5536412,19920413,20030825,5.26,25.33,0.69
770,6139,亞翔,亞翔工程股份有限公司,23.2540929,19781207,20030825,3.54,19.87,5.25
771,6141,柏承,柏承科技股份有限公司,11.3354005,19900530,20031022,0.00,-,1.07
772,6142,友勁,友勁科技股份有限公司,33.0779215,19910311,20030804,2.28,-,1.01
773,6152,百一,百一電子股份有限公司,16.7738463,19950612,20091208,0.00,-,1.14
774,6153,嘉聯益,嘉聯益科技股份有限公司,59.6177694,19921103,20080121,1.22,-,0.89
775,6155,鈞寶,鈞寶電子工業股份有限公司,8.7639056,19861129,20060818,3.13,32.00,1.58
776,6164,華興,華興電子工業股份有限公司,10.0000239,19770906,20081021,3.75,-,1.35
777,6165,浪凡,浪凡網路科技股份有限公司,7.7752623,19730418,20030804,0.99,167.92,2.73
778,6166,凌華,凌華科技股份有限公司,21.7497257,19950829,20041108,1.57,42.05,2.56
779,6168,宏齊,宏齊科技股份有限公司,20.6069801,19950321,20030825,2.09,45.96,1.58
780,6176,瑞儀,瑞儀光電股份有限公司,46.5027263,19950724,20070515,4.78,14.98,2.64
781,6177,達麗,達麗建設事業股份有限公司,40.7740255,19771004,20130801,5.12,13.47,3.10
782,6183,關貿,關貿網路股份有限公司,15.0,19960806,20111201,3.74,23.00,4.06
783,6184,大豐電,大豐有線電視股份有限公司,15.8230657,19960311,20050215,5.50,15.48,1.80
784,6189,豐藝,豐藝電子股份有限公司,21.2431422,19860526,20040524,3.89,22.56,3.54
785,6191,精成科,精成科技股份有限公司,47.4303,19730223,20071019,4.45,11.06,1.71
786,6192,巨路,巨路國際股份有限公司,9.615577,19750816,20040927,4.27,14.32,1.74
787,6196,帆宣,帆宣系統科技股份有限公司,20.1315437,19881227,20040524,3.76,14.85,2.88
788,6197,佳必琪,佳必琪國際股份有限公司,12.2085882,19920507,20041108,2.91,27.79,5.26
789,6201,亞弘電,亞弘電科技股份有限公司,8.92,19811125,20040927,6.29,13.45,2.22
790,6202,盛群,盛群半導體股份有限公司,22.61682,19981001,20040927,0.76,456.15,3.54
791,6205,詮欣,詮欣股份有限公司,8.2235907,19860424,20080121,2.02,35.80,2.43
792,6206,飛捷,飛捷科技股份有限公司,14.3062324,19840813,20040803,4.61,24.73,2.67
793,6209,今國光,今國光學工業股份有限公司,17.4328781,19800619,20041108,2.00,-,1.43
794,6213,聯茂,聯茂電子股份有限公司,36.2957218,19970410,20080121,1.42,50.96,1.94
795,6214,精誠,精誠資訊股份有限公司,27.2303304,19970107,20101230,4.11,21.22,2.22
796,6215,和椿,和椿科技股份有限公司,8.2789693,19801118,20071231,2.38,44.26,2.29
797,6216,居易,居易科技股份有限公司,9.2848137,19971014,20040927,4.59,27.92,2.01
798,6224,聚鼎,聚鼎科技股份有限公司,8.5645361,19971218,20090917,2.77,43.63,1.79
799,6225,天瀚,天瀚科技股份有限公司,2.78,19971027,20040927,0.00,56.45,5.10
800,6226,光鼎,光鼎電子股份有限公司,11.6619789,19870923,20081110,0.00,-,1.04
801,6230,尼得科超眾,尼得科超眾科技股份有限公司,8.6343396,19731214,20100916,0.33,44.80,4.73
802,6235,華孚,華孚科技股份有限公司,19.3164986,19540123,20040823,1.81,22.31,4.52
803,6239,力成,力成科技股份有限公司,75.9146634,19970515,20041108,4.15,15.72,2.30
804,6243,迅杰,迅杰科技股份有限公司,4.5268841,19980520,20091217,2.04,40.07,3.25
805,6257,矽格,矽格股份有限公司,45.9273986,19881215,20030825,3.48,15.86,2.08
806,6269,台郡,台郡科技股份有限公司,32.2500981,19971219,20030923,5.16,15.12,1.23
807,6271,同欣電,同欣電子工業股份有限公司,20.9058024,19740811,20071116,1.61,27.24,1.28
808,6277,宏正,宏正自動科技股份有限公司,11.9471166,19790706,20031030,5.34,17.02,2.03
809,6278,台表科,台灣表面黏著科技股份有限公司,29.2398353,19900324,20100824,4.24,11.88,1.72
810,6281,全國電,全國電子股份有限公司,9.9172945,19860111,20051208,5.33,17.21,3.32
811,6282,康舒,康舒科技股份有限公司,86.1860125,19810729,20030908,1.29,778.00,1.45
812,6283,淳安,淳安電子股份有限公司,14.7906343,19960112,20080121,0.00,-,3.39
813,6285,啟碁,啟碁科技股份有限公司,48.4943904,19961207,20030922,3.88,19.68,2.46
814,6288,聯嘉,聯嘉光電股份有限公司,20.5605192,19950613,20180509,0.62,645.00,2.22
815,6405,悅城,悅城科技股份有限公司,6.58,20040713,20131128,0.43,-,0.61
816,6409,旭隼,旭隼科技股份有限公司,8.7730567,20080501,20140331,2.48,36.69,15.90
817,6412,群電,群光電能科技股份有限公司,39.9040126,20081224,20131108,3.80,18.57,5.14
818,6414,樺漢,樺漢科技股份有限公司,13.1999868,19990712,20140328,3.52,18.91,1.95
819,6415,矽力*-KY,矽力杰股份有限公司,9.6240823,20080207,20131212,0.49,208.25,5.02
820,6416,瑞祺電通,瑞祺電通股份有限公司,7.334846,20070419,20180416,2.48,25.68,2.44
821,6426,統新,統新光訊股份有限公司,3.8509,20030801,20210324,0.76,-,2.27
822,6431,光麗-KY,光麗生技控股股份有限公司,7.2398835,20120704,20141204,0.00,-,1.55
823,6438,迅得,迅得機械股份有限公司,7.5281711,19991028,20210119,4.46,13.94,2.23
824,6442,光聖,光紅建聖股份有限公司,7.56,19960904,20150714,1.22,67.98,5.56
825,6443,元晶,元晶太陽能科技股份有限公司,53.8691466,20100624,20151001,1.48,26.21,1.81
826,6446,藥華藥,藥華醫藥股份有限公司,34.0810391,20000509,20240125,0.00,-,4.36
827,6449,鈺邦,鈺邦科技股份有限公司,8.8953514,20051223,20141209,1.82,33.91,3.82
828,6451,訊芯-KY,訊芯科技控股股份有限公司,10.74648,20080108,20150126,0.64,44.74,3.07
829,6456,GIS-KY,GIS Holding Limited,33.79398,20110104,20150612,5.56,-,0.74
830,6464,台數科,台灣數位光訊科技股份有限公司,12.7613138,20060802,20151216,5.00,14.88,1.39
831,6472,保瑞,保瑞藥業股份有限公司,10.1490128,20070612,20231219,1.62,24.78,8.27
832,6477,安集,安集科技股份有限公司,12.3726667,20070213,20160621,2.17,30.41,1.34
833,6491,晶碩,晶碩光學股份有限公司,7.8,20090826,20191007,2.02,23.34,3.90
834,6504,南六,南六企業股份有限公司,7.26,19781201,20130507,1.54,43.15,1.48
835,6505,台塑化,台塑石化股份有限公司,952.5959652,19920406,20031226,2.80,30.30,2.12
836,6515,穎崴,穎崴科技股份有限公司,3.477262,20010410,20210120,1.25,66.19,8.80
837,6525,捷敏-KY,捷敏股份有限公司,12.9047384,19980417,20160412,5.09,15.67,2.14
838,6526,達發,達發科技股份有限公司,16.6021703,20010814,20231019,0.75,114.90,6.77
839,6531,愛普*,愛普科技股份有限公司,8.1001973,20110804,20160531,1.84,35.23,5.81
840,6533,晶心科,晶心科技股份有限公司,5.0650911,20050314,20170314,0.39,-,4.08
841,6534,正瀚-創,正瀚生技股份有限公司,10.28,20131129,20231221,4.93,18.40,3.38
842,6541,泰福-KY,泰福生技股份有限公司,16.4026867,20130508,20171026,0.00,-,7.29
843,6550,北極星藥業-KY,北極星藥業集團股份有限公司,74.4420732,20060209,20220606,0.00,-,7.05
844,6552,易華電,易華電子股份有限公司,8.3,19731006,20170110,0.59,566.67,1.67
845,6558,興能高,興能高科技股份有限公司,9.3750875,19970310,20181205,0.00,-,1.49
846,6573,虹揚-KY,虹揚發展科技股份有限公司,8.0499345,20091211,20170926,0.00,-,1.51
847,6579,研揚,研揚科技股份有限公司,16.040783,20101201,20170821,4.19,25.66,2.48
848,6581,鋼聯,台灣鋼聯股份有限公司,11.1270887,19950524,20180130,4.30,20.22,2.95
849,6582,申豐,申豐特用應材股份有限公司,10.6174141,19790717,20170614,2.98,-,0.90
850,6585,鼎基,鼎基先進材料股份有限公司,6.9544667,19810306,20220520,1.95,34.19,4.37
851,6591,動力-KY,動力科技股份有限公司,3.7583873,20131128,20171228,4.88,16.91,1.15
852,6592,和潤企業,和潤企業股份有限公司,66.6500448,19990525,20191209,3.28,22.02,2.25
853,6598,ABC-KY,Applied BioCode Corporation,8.1777561,20160415,20200609,0.00,-,2.48
854,6605,帝寶,帝寶工業股份有限公司,16.5816397,19800425,20040317,3.31,13.75,1.92
855,6606,建德工業,建德工業股份有限公司,11.0303783,19660316,20230324,5.52,29.51,1.80
856,6625,必應,必應創造股份有限公司,4.4520444,20140102,20180207,0.00,15.56,5.30
857,6641,基士德-KY,基士德科技股份有限公司,3.7,20131003,20180921,2.31,33.83,1.11
858,6645,金萬林-創,金萬林企業股份有限公司,5.0221,20040806,20231221,0.00,-,3.34
859,6655,科定,科定企業股份有限公司,8.2181347,20020722,20181128,0.00,37.82,4.51
860,6657,華安,華安醫學股份有限公司,7.6224,20120828,20230612,0.00,-,5.19
861,6658,聯策,聯策科技股份有限公司,3.287,20020429,20231102,2.91,44.78,1.31
862,6666,羅麗芬-KY,羅麗芬控股股份有限公司,4.7388,20160921,20181119,1.90,36.72,2.02
863,6668,中揚光,中揚光電股份有限公司,9.121286,20130604,20181212,0.00,-,3.66
864,6669,緯穎,緯穎科技服務股份有限公司,17.4840791,20120303,20190327,1.84,33.17,9.46
865,6670,復盛應用,復盛應用科技股份有限公司,13.2573568,20100914,20181218,4.60,14.99,3.23
866,6671,三能-KY,三能集團控股股份有限公司,6.075,20150429,20181211,5.77,15.00,1.55
867,6672,騰輝電子-KY,騰輝電子國際集團股份有限公司,7.1434745,20121016,20190417,3.98,13.92,1.87
868,6674,鋐寶科技,鋐寶科技股份有限公司,6.7638059,20090819,20181128,2.08,-,1.41
869,6689,伊雲谷,伊雲谷數位科技股份有限公司,6.8,20130913,20220913,1.93,38.19,2.44
870,6691,洋基工程,洋基工程股份有限公司,8.8279282,19800725,20220103,4.68,19.04,6.01
871,6695,芯鼎,芯鼎科技股份有限公司,9.556425,20091223,20221104,0.00,-,2.93
872,6698,旭暉應材,旭暉應用材料股份有限公司,6.6389753,20070525,20191125,0.00,-,1.77
873,6706,惠特,惠特科技股份有限公司,7.3576865,20000125,20191219,6.53,-,1.09
874,6715,嘉基,嘉基科技股份有限公司,6.5969755,20110822,20191212,2.23,24.80,3.40
875,6719,力智,力智電子股份有限公司,8.1213689,20051223,20220113,0.95,115.79,2.64
876,6742,澤米,澤米科技股份有限公司,7.1267948,20030214,20231205,1.54,185.48,3.72
877,6743,安普新,安普新股份有限公司,15.0,19980702,20201214,0.84,-,3.29
878,6753,龍德造船,龍德造船工業股份有限公司,10.775,19760506,20230310,1.37,21.91,4.16
879,6754,匯僑設計,匯僑室內裝修設計股份有限公司,6.6,20141209,20200825,5.48,15.04,1.96
880,6756,威鋒電子,威鋒電子股份有限公司,6.9371,20080707,20201224,1.04,74.04,4.68
881,6757,台灣虎航-創,台灣虎航股份有限公司,44.9,20140421,20230815,0.00,10.06,4.35
882,6768,志強-KY,志強國際企業股份有限公司,19.6045617,20170328,20210422,4.39,20.21,1.18
883,6770,力積電,力晶積成電子製造股份有限公司,408.9275595,20080417,20211206,4.09,-,1.10
884,6776,展碁國際,展碁國際股份有限公司,8.158143,19771222,20210331,5.44,12.71,2.45
885,6781,AES-KY,"AES Holding Co., Ltd.",8.541878,20200109,20210322,1.82,27.65,4.21
886,6782,視陽,視陽光學股份有限公司,6.3,19981109,20221128,0.97,51.57,5.25
887,6789,采鈺,采鈺科技股份有限公司,31.6724119,20031201,20220630,0.37,242.86,5.18
888,6790,永豐實,永豐餘消費品實業股份有限公司,26.7129021,19861029,20210929,5.21,15.91,2.73
889,6792,詠業,詠業科技股份有限公司,4.7875325,19880408,20211208,4.48,19.21,2.18
890,6796,晉弘,晉弘科技股份有限公司,3.4584155,20100805,20220601,2.17,38.69,3.61
891,6799,來頡,來頡科技股份有限公司,4.2488133,20100907,20220512,2.09,27.55,4.61
892,6805,富世達,富世達股份有限公司,6.8553896,20010611,20231109,0.72,83.95,11.47
893,6806,森崴能源,森崴能源股份有限公司,21.615,20070427,20211115,1.15,44.56,2.54
894,6807,峰源-KY,峰源集團股份有限公司,5.4,20190712,20220425,5.60,10.52,1.19
895,6830,汎銓,汎銓科技股份有限公司,4.6781175,20050727,20220831,3.33,24.15,2.46
896,6834,天二科技,天二科技股份有限公司,8.8471082,19700216,20220901,4.15,-,1.66
897,6835,圓裕,圓裕企業股份有限公司,6.6172297,19800623,20221110,3.70,15.15,2.20
898,6854,錼創科技-KY創,PlayNitride Inc.,10.7178622,20140225,20220818,0.00,-,4.45
899,6861,睿生光電,睿生光電股份有限公司,4.0267,20190402,20230327,1.56,24.34,2.21
900,6863,永道-KY,Arizon RFID Technology,7.4318,20211021,20230321,1.99,24.96,2.15
901,6869,雲豹能源-創,雲豹能源科技股份有限公司,11.6209078,20160215,20230314,3.85,18.18,4.72
902,6873,泓德能源-創,泓德能源科技股份有限公司,10.0,20160516,20230306,2.25,23.31,3.44
903,6901,鑽石投資,鑽石生技投資股份有限公司,85.035,20130109,20230919,4.98,-,2.66
904,6902,走著瞧-創,走著瞧股份有限公司,3.1993936,20120412,20230713,0.00,978.13,11.06
905,6906,現觀科,現觀科技股份有限公司,3.35374,20190912,20240115,2.16,38.61,8.16
906,6914,阜爾運通,阜爾運通股份有限公司,6.6226,20010119,20240503,2.43,22.64,5.45
907,6916,華凌,華凌光電股份有限公司,6.75,19980616,20231205,4.05,21.63,1.51
908,6933,AMAX-KY,艾瑪斯科技控股股份有限公司,4.1405425,20220104,20231108,0.85,56.46,7.41
909,6937,天虹,天虹科技股份有限公司,6.7477263,20020717,20231212,0.95,46.48,4.56
910,6949,沛爾生醫-創,沛爾生技醫藥股份有限公司,5.711755,20170330,20240308,0.00,-,7.88
911,8011,台通,台通光電股份有限公司,17.0921891,19811221,20110919,0.00,273.75,1.26
912,8016,矽創,矽創電子股份有限公司,12.0136876,19920709,20031225,4.40,17.52,2.96
913,8021,尖點,尖點科技股份有限公司,14.2180467,19960412,20080121,2.66,-,0.99
914,8028,昇陽半導體,昇陽國際半導體股份有限公司,17.2628033,19970303,20180710,3.35,29.72,2.36
915,8033,雷虎,雷虎科技股份有限公司,14.2629775,19791002,20070621,0.00,-,9.01
916,8039,台虹,台虹科技股份有限公司,20.9119692,19970816,20091217,2.91,17.94,1.35
917,8046,南電,南亞電路板股份有限公司,64.6165487,19971028,20060407,2.97,35.78,2.66
918,8070,長華*,長華電材股份有限公司,6.89422332,19890513,20071231,5.60,20.61,2.02
919,8072,陞泰,陞泰科技股份有限公司,8.0,19960626,20050819,2.81,36.58,0.95
920,8081,致新,致新科技股份有限公司,8.6172072,19960703,20081230,4.71,17.13,3.49
921,8101,華冠,華冠通訊股份有限公司,7.2831078,19990824,20040701,0.00,-,3.05
922,8103,瀚荃,瀚荃股份有限公司,7.9843173,19900316,20090929,3.12,16.03,1.14
923,8104,錸寶,錸寶科技股份有限公司,7.4651675,20000313,20190117,4.55,-,1.30
924,8105,凌巨,凌巨科技股份有限公司,44.1544851,19971215,20061227,0.77,24.53,0.73
925,8110,華東,華東科技股份有限公司,51.7739876,19950406,20071031,1.10,-,0.89
926,8112,至上,至上電子股份有限公司,54.4001273,19870305,20071231,4.24,23.98,2.97
927,8114,振樺電,振樺電子股份有限公司,10.6748919,19840811,20121126,3.84,22.07,2.56
928,8131,福懋科,福懋科技股份有限公司,44.2222223,19900911,20071129,2.44,30.75,1.38
929,8150,南茂,南茂科技股份有限公司,72.7240126,19970728,20140411,3.96,17.46,1.33
930,8162,微矽電子-創,微矽電子股份有限公司,6.8702,19870811,20240307,1.29,-,2.04
931,8163,達方,達方電子股份有限公司,28.0000001,19970508,20071128,5.90,11.41,1.66
932,8201,無敵,無敵科技股份有限公司,6.2366275,19890217,20071029,0.00,-,2.17
933,8210,勤誠,勤誠興業股份有限公司,12.058695,19831205,20111201,1.81,30.72,6.03
934,8213,志超,志超科技股份有限公司,27.1242488,19980421,20091225,2.52,9.84,0.73
935,8215,明基材,明基材料股份有限公司,32.0674514,19980716,20101112,3.52,27.24,1.98
936,8222,寶一,寶一科技股份有限公司,6.85735,19741005,20150127,0.66,51.31,3.73
937,8249,菱光,菱光科技股份有限公司,14.9055,19980615,20050517,3.75,16.94,0.81
938,8261,富鼎,富鼎先進電子股份有限公司,11.7890493,19980717,20091211,3.01,27.43,1.82
939,8271,宇瞻,宇瞻科技股份有限公司,12.8729266,19970416,20101229,4.61,16.22,1.86
940,8341,日友,日友環保科技股份有限公司,13.0,19941129,20150323,3.73,32.48,2.65
941,8367,建新國際,建新國際股份有限公司,8.7733918,19890425,20180912,5.31,14.49,1.35
942,8374,羅昇,羅昇企業股份有限公司,11.2250487,19840331,20081225,0.98,-,1.76
943,8404,百和興業-KY,百和興業股份有限公司(開曼),39.9937032,20061106,20110518,3.50,-,1.39
944,8411,福貞-KY,福貞控股股份有限公司,21.8404319,20090826,20111101,0.59,90.33,0.51
945,8422,可寧衛,可寧衛股份有限公司,10.9187472,19990504,20111005,5.15,21.32,3.39
946,8429,金麗-KY,金麗集團控股有限公司,18.5747151,20101215,20121220,0.00,-,0.32
947,8438,昶昕,昶昕實業股份有限公司,6.9943,19891023,20220311,2.69,26.09,1.36
948,8442,威宏-KY,威宏控股股份有限公司,6.6941263,20091127,20161108,4.27,13.29,2.57
949,8443,阿瘦,阿瘦實業股份有限公司,6.68,20030825,20140915,0.00,48.80,0.98
950,8454,富邦媒,富邦媒體科技股份有限公司,24.0340386,20040927,20141219,3.45,28.66,9.37
951,8462,柏文,柏文健康事業股份有限公司,7.9378063,20051004,20190315,1.82,82.27,5.20
952,8463,潤泰材,潤泰精密材料股份有限公司,15.0,19920923,20150713,2.26,37.34,1.89
953,8464,億豐,億豐綜合工業股份有限公司,29.30202,20070726,20151222,3.50,17.34,4.47
954,8466,美吉吉-KY,美吉吉國際股份有限公司,6.6059,20101008,20161101,0.53,-,1.52
955,8467,波力-KY,波力環球企業股份有限公司,5.1233008,20130710,20151215,2.87,23.11,4.39
956,8473,山林水,山林水環境工程股份有限公司,16.262952,20040610,20160908,0.81,168.40,1.14
957,8476,台境,台境企業股份有限公司,8.1483509,20031223,20231031,4.15,12.99,2.48
958,8478,東哥遊艇,東哥企業股份有限公司,8.8886276,19780123,20171211,3.04,17.37,5.22
959,8481,政伸,政伸企業股份有限公司,6.6601866,19870223,20170224,3.87,27.50,2.17
960,8482,商億-KY,商億全球控股有限公司,11.0444,20140930,20180815,3.54,22.61,2.13
961,8487,愛爾達-創,愛爾達科技股份有限公司,2.6535,20000328,20240326,5.69,14.54,3.70
962,8488,吉源-KY,吉源控股股份有限公司,7.35,20140327,20161213,0.00,-,0.47
963,8499,鼎炫-KY,鼎炫投資控股股份有限公司,4.1485557,20131108,20171124,3.51,11.14,0.63
964,8926,台汽電,台灣汽電共生股份有限公司,73.0282,19920507,20030825,4.16,26.98,2.19
965,8940,新天地,新天地國際實業股份有限公司,6.7491032,19930719,20090515,0.00,21.42,3.24
966,8996,高力,高力熱處理工業股份有限公司,8.938408,19701011,20140214,0.97,63.88,13.62
967,9802,鈺齊-KY,鈺齊國際股份有限公司,19.0989872,20091124,20121018,4.10,15.50,1.88
968,9902,台火,台火開發股份有限公司,9.80496,19500114,19640714,1.83,28.28,1.25
969,9904,寶成,寶成工業股份有限公司,294.6787213,19690904,19900119,3.13,9.78,0.82
970,9905,大華,大華金屬工業股份有限公司,30.5,19731126,19900808,4.50,16.86,0.99
971,9906,欣巴巴,欣巴巴事業股份有限公司,8.3343981,19670116,19901215,4.66,15.71,5.42
972,9907,統一實,統一實業股份有限公司,157.9145342,19690414,19910129,1.99,35.12,1.26
973,9908,大台北,大台北區瓦斯股份有限公司,51.6358,19641024,19910206,3.69,14.01,1.22
974,9910,豐泰,豐泰企業股份有限公司,98.7482831,19710729,19920218,2.61,32.74,7.04
975,9911,櫻花,台灣櫻花股份有限公司,22.1121188,19881020,19920716,4.11,19.29,3.45
976,9912,偉聯,偉聯科技股份有限公司,5.5218569,19780518,19920808,0.00,-,1.64
977,9914,美利達,美利達工業股份有限公司,29.89838,19720929,19920930,2.76,38.43,3.17
978,9917,中保科,中興保全科技股份有限公司,45.1197093,19771108,19931208,3.95,22.52,4.63
979,9918,欣天然,欣欣天然氣股份有限公司,18.0537453,19710501,19940426,3.58,20.93,2.35
980,9919,康那香,康那香企業股份有限公司,19.536275,19711210,19941104,1.36,6.53,1.47
981,9921,巨大,巨大機械工業股份有限公司,39.2064626,19721027,19941229,2.39,24.08,2.43
982,9924,福興,台灣福興工業股份有限公司,18.845217,19571123,19950315,5.08,10.14,1.67
983,9925,新保,台灣新光保全股份有限公司,38.7489605,19800121,19951209,4.80,17.09,1.43
984,9926,新海,新海瓦斯股份有限公司,17.9504075,19660611,19980408,3.68,20.84,2.50
985,9927,泰銘,泰銘實業股份有限公司,16.7318534,19830219,19990312,6.16,12.28,2.40
986,9928,中視,中國電視事業股份有限公司,6.0724583,19681024,19990809,0.00,-,2.37
987,9929,秋雨,秋雨創新股份有限公司,10.128,19761001,19990628,0.00,-,1.95
988,9930,中聯資源,中聯資源股份有限公司,24.8540368,19910525,19991122,4.44,17.70,2.66
989,9931,欣高,欣高石油氣股份有限公司,12.0369303,19831215,20000321,2.64,26.32,1.73
990,9933,中鼎,中鼎工程股份有限公司,80.3639745,19790406,19930528,4.24,19.74,2.29
991,9934,成霖,成霖企業股份有限公司,40.9343962,19791029,20000911,6.50,12.47,1.28
992,9935,慶豐富,慶豐富實業股份有限公司,17.3838926,19770309,20000911,1.92,43.33,2.00
993,9937,全國,全國加油站股份有限公司,30.9043,19880808,20000911,3.11,26.72,3.77
994,9938,百和,台灣百和工業股份有限公司,29.7963902,19850114,20010112,1.56,32.97,1.66
995,9939,宏全,宏全國際股份有限公司,28.7785879,19690715,20010302,3.19,19.48,3.07
996,9940,信義,信義房屋股份有限公司,73.68465,19870121,20010917,4.66,14.35,2.04
997,9941,裕融,裕融企業股份有限公司,64.8225092,19900412,20010917,4.09,15.39,2.65
998,9942,茂順,茂順密封元件科技股份有限公司,8.316132,19760804,20020128,5.36,11.08,2.74
999,9943,好樂迪,好樂迪股份有限公司,12.521996,19930410,20020826,5.85,14.94,2.74
1000,9944,新麗,新麗企業股份有限公司,10.91071,19620914,20020826,2.86,14.06,0.65
1001,9945,潤泰新,潤泰創新國際股份有限公司,284.4225086,19770912,19920430,3.48,15.79,1.29
1002,9946,三發地產,三發地產股份有限公司(原:金革),32.655415,19930920,20130917,1.78,145.74,1.98
1003,9955,佳龍,佳龍科技工程股份有限公司,10.3208229,19960925,20080121,0.00,-,2.36
1004,9958,世紀鋼,世紀鋼鐵結構股份有限公司,23.8347128,19871009,20080312,1.34,50.34,5.95
